comment,label
mẫu đẹp hiện_đại mặt đồng_hồ trung_tâm âm mặt taplo ipad dựng_đứng trống lái_xe,{EXTERIOR#Positive};{INTERIOR#Negative};
creta tầm giá xforce chút phiên_bản thiết_kế vận_hành hút bản_nline tùy dân_chơi giá doanh_số xforce yaris,{COST#Neutral};{EXTERIOR#Neutral};
giá cx5 dl mặc_dù rộng say cx5,{COST#Positive};
giá đợi chương_trình khuyến_mại,{COST#Negative};
creta xe mượt_mà hyundai phân_khúc khung gầm treo âm_thân vỏ động_cơ vô_lăng phối_hợp mượt tucson santafe kona mượt trừ thiết_kế rối_mắt đẹp,{EXTERIOR#Positive};{INTERIOR#Positive};{PERFORMANCE#Positive};{BRAND#Positive};
mê kiểu thiết_kế creata,{EXTERIOR#Positive};{INTERIOR#Positive};
nội thất_đỡ rối_rắm cũ rối nút san_sát trông_chờ hơi thất_vọng mong việt_nam giá,{INTERIOR#Negative};
form_dáng thể_thao đẹp_đẽ,{EXTERIOR#Positive};
cốp điện cảnh_báo mù ngon,{FEATURES#Neutral};
creta giá công_nhận thuyết_phục,{COST#Positive};
xe đô_thị creta vật_liệu nhẹ hợp_lý trọng_lượng giúp xe tiết_kiệm xăng linh_hoạt phố đông,{PERFORMANCE#Positive};
creta thiết_kế xe tiêu_chuẩn cỡ b gầm cao_giá lăn bánh_bản tiêu_chuẩn 650 tr thuế_trước_bạ dự_kiến dòng xe bán_chạy,{EXTERIOR#Positive};{COST#Positive};
công_thức creta thẳng nline,{COST#Neutral};
ok việt_nam lăn bánh 850 tr 900 tr khái_niệm xe hàn rẻ xe nhật mua phụ_tùng bảo_dưỡng kia xe trung_bình phụ_tùng đắt hồn,{COST#Negative};
lan bánh_chơi,{COST#Positive};
tiêu_chuẩn giá 590 tr may_ra cạnh_tranh xfoce yaris cross,{COST#Neutral};
phom đẹp tiền_nhiệm,{EXTERIOR#Positive};
khung gầm ấn_độ lởm tỷ bạc,{EXTERIOR#Negative};{COST#Negative};
xe đẹp lắm,{EXTERIOR#Positive};
750 tr suy_nghĩ,{COST#Neutral};
cụ mua xong tiếc lắm cũ_bản đẹp elantra ra_mắt đứt_bản cũ,{EXTERIOR#Positive};
giá trưng_bày,{COST#Negative};
mấy xe hyundai dấy creta,{EXTERIOR#Positive};
việt_nam tầm suy_nghĩ lụm cx5 premium bữa đợi ra_mắt việt_nam,{COST#Neutral};
triêu ok hít khói thui,{COST#Neutral};
xe đẹp giá hơi hãng phân_khúc,{EXTERIOR#Positive};{COST#Negative};
mặt đẹp ghê_thích kiểu,{EXTERIOR#Positive};
việt_nam cắt cửa_sổ trời cam_ghế điện cốp điện,{FEATURES#Negative};
việt_nam giá đổi xác_định cháy hàng,{COST#Neutral};
n_line thái lọc không_khí chỗ bệ tì,{FEATURES#Negative};
santafe thiết_kế việt_nam khéo cháy hàng bia kèm_lạc,{EXTERIOR#Positive};
n line ấn đẹp,{EXTERIOR#Positive};
bàn việt_nam lăn bánh tr,{COST#Negative};
ngoại thất_nhìn lạ_lạ nội_thất phổ_thông,{EXTERIOR#Neutral};{INTERIOR#Negative};
đèn rối_mắt,{EXTERIOR#Negative};
giá việt_nam mua mấy hạng,{COST#Negative};
hyundai ngáo giá haha,{COST#Negative};
động_cơ chẳng nline giả_cầy thái_neo giá tỏi vkl,{PERFORMANCE#Negative};{COST#Negative};
900 tr lựa_chọn hạng điên mua 900 tr,{COST#Negative};
tập_đoàn hyundai_thua kia thiết_kế kia xe xuyên suốt thiết_kế gu hyundai nát chán chả,{BRAND#Negative};{INTERIOR#Neutral};
đầu xe đẹp,{EXTERIOR#Positive};
tr thi mơi thi mua croos,{COST#Negative};
dẹp đi hrv g giá hạng mẹ hổ_trừ giá hãng,{COST#Negative};
hyundai dòng xe thiết_kế đồng_nhất ngôn_ngữ,{FEATURES#Negative};
đẹp,{EXTERIOR#Positive};{INTERIOR#Positive};
8 x,{COST#Neutral};
thái giá ngang crv ngáo_vờ cờ_lờ,{COST#Negative};
lăn bánh hạng b máy_yếu căng,{COST#Negative};{PERFORMANCE#Negative};
xe phom_dáng đẹp hài_hòa đẹp đời creta,{EXTERIOR#Positive};
màu đen đẹp,{EXTERIOR#Positive};
n line sàn,{PERFORMANCE#Negative};
phân_khúc rộng tý,{INTERIOR#Negative};
dáng xe đẹp,{EXTERIOR#Positive};
phân_khúc tiền mua base,{COST#Neutral};
nl lăn bánh_tầm đẹp,{COST#Positive};
nuốt cửa_sổ trời nc kín,{FEATURES#Negative};
ống xả đôi ngon,{EXTERIOR#Positive};
n_line cốp_cơ,{FEATURES#Negative};
giá turbo ăn_thua yaris cx5 thẳng tiến,{COST#Negative};
715 tr mua,{COST#Negative};
màn_hình đôi_ý,{INTERIOR#Negative};
ngoại_hình bản_base hợp_gu ngoại_hình base màu mè hoa lá hẹ,{EXTERIOR#Positive};
mê_cvt lắm,{BRAND#Negative};
ống pô giấu cân_đối tí,{EXTERIOR#Negative};
giá cửa_sổ tr,{FEATURES#Negative};{COST#Negative};
giá cao_lăn bánh tỉnh 740 tr đẹp,{COST#Negative};
turbo vứt,{FEATURES#Negative};
xe cầu ok,{FEATURES#Positive};
giáo hiện ngoại_thất thẩm_mỹ thể_thao santafe san tù_túng,{EXTERIOR#Positive};
n line turbo vứt,{FEATURES#Negative};
nline giả_cầy,{EXTERIOR#Negative};
nội_thất nhấn viềng đỏ sến sến,{INTERIOR#Negative};
n line đẹp mâm cột xấu thiết_kế thoát xe cụt trang_bị nổi cốp điện buồn,{FEATURES#Negative};{EXTERIOR#Negative};
đẹp xấu đầu đuôi dối chi_tiết đối_thủ nội_thất đẹp,{EXTERIOR#Negative};{INTERIOR#Positive};
xe hàn trung thị_trường việt_nam đua mua công_nghệ hàn_chả top chop,{FEATURES#Negative};{BRAND#Negative};
ngáo giá hạng b cook,{COST#Negative};
mấy cuv hạng b có_giá 700 tr tầm hơi cx5 ford giảm_giá tầm đấy cuv hạng kia,{COST#Negative};
giá ổn_ổn suy_đoán ban_đầu mong phiên_bản n line turbo kia seltos gt line tất_nhiên giá ổn seltos ngáo,{COST#Positive};
đi creta thẩm ngoại_hình hự hự mâm,{EXTERIOR#Negative};
trông xe trẻ trâu so_sánh ngoại_thất hrv chảnh đồ_chơi trẻ_con,{EXTERIOR#Negative};
dân việt đói may tiền thừa mua giá v yaris cx5 terri sale mạnh_đu trend dân việt bóp thuế xe kiểu chả sale đầu 6 xx,{COST#Negative};
cân_nhắc nghĩa mua haha hàn xịn tàu tàu rẻ nội_thất_xịn nhật phân_khúc rẻ củ tui mua,{COST#Negative};
nline lăn bánh terri trend cx5 deluxe chặn 2 đầu xforce ptb yariss giame ptb kẹp đẹp ngon no hope hạng b lăn bánh loanh_quanh,{COST#Negative};
động_cơ vận_hành đi phố xe ổn nội_thất chiều chị_em phụ_nữ,{INTERIOR#Positive};{PERFORMANCE#Positive};
mẫu ế lòi ta mua xe hàn rẻ kia hyundai mấy ngáo giá ế lè đi xe hàn comment,{BRAND#Negative};{COST#Negative};
đường_xá việt_nam đáp_ứng máy 5 t bốc tăng_tốc giây đi phố hao xăng lâu_dài ngon lắm chi_phí tầm xe hạng b máy giới trẻ bốc chạy creta cao_cấp cũ cao_tốc full_tốc 120 km h lái ngon xào_chẻ làn mượt đi khỏe,{PERFORMANCE#Negative};{COST#Negative};
n line động_cơ trang_bị giá tương_đối hợp_lý ngáo_ngơ seltos creta ra_mắt thaco điều_chỉnh giá seltos,{COST#Positive};
xe giá lăn bánh lựa_chọn xe hạng cuv cở ho,{COST#Neutral};
lỏ thiệt nline gắn cục turbo vô ta elantra đời đắp đắp mấy thể_thao vô xong nline mặt hyundai thiệt,{FEATURES#Negative};
10 tr body kit nline hợp_lý huyndai hẳn cục turbo cạnh_tranh hẳn hrv rs seltos turbo bán_chạy thương_hiệu,{FEATURES#Negative};{BRAND#Negative};
mấy xe hạng b ra_mắt set giá hợp_lý đòi bữa khuyến_mãi giảm_giá giá thế_này chê cx5 terri base đòi cục turbo vô giá mua mồm_chế đắt chê 7 dct khô sợ nhiệt,{COST#Positive};{PERFORMANCE#Negative};
giá ta cân_nhắc cx5 base cuv hạng b trung_quốc giá mềm chất_lượng hề thua_kém động_cơ,{PERFORMANCE#Positive};{COST#Positive};
mua xe chú_ý may_mà trái_tim xe may hộp_số giá trời hiểu_biết may_hộp i cvt na_tu bo_hộp ly_hợp kép 7 cap ngi,{COST#Negative};{PERFORMANCE#Negative};
xe huyndai thiết_kế xấu_xí,{EXTERIOR#Positive};
xe creta ổn_định_giá tiếc hộ anh_em n_line cao_cấp cốp điện thôi_thì công_ăn_việc_làm xưởng thu_nhập độ cốp xe trẻ gia_đình hàng thoải_mái chật,{FEATURES#Negative};{INTERIOR#Neutral};{COST#Positive};
đầu khu_vực điều_hòa cũ gọn_gàng đẹp rối_rắm,{INTERIOR#Negative};
xe hạng b tối_ưu không_gian thiết_kế khu_vực phím bấm hình_như hơi rườm_rà phím bấm kích_thước phím thẩm_mỹ thực_dụng khu_vực n line khác_biệt hình_thức trang_bị khác_biệt động_cơ hơi tiếc ngoại_hình facelift ổn,{INTERIOR#Negative};{EXTERIOR#Positive};{PERFORMANCE#Neutral};
n_line thiết_kế logo lệch cân_đối xấu,{EXTERIOR#Negative};
đuổi đội_ngũ thiết_kế huyndai xe hàn xe tàu thuê chung_đội thiết_kế na_ná phá xe đồ_chơi _,{EXTERIOR#Negative};{BRAND#Negative};
khen tưởng xe tỉ rẻ giá 700 tr hời hơi lố nổi_bật,{COST#Positive};
viền trắng kéo xe cột đi trông_tởm cũ_bản trông cũ xấu thậm_tệ,{EXTERIOR#Negative};
cụm điều_hòa chán đấy nút siêu_rối_rắm hoàn_thiện rẻ_tiền ăn_nhập cụm màn đôi,{INTERIOR#Negative};
cụm yên_ngựa ghế_lái ghế phụ thiết_kế rối_rắm xấu,{INTERIOR#Negative};
facelift chạy đổi mẫu quanh_năm mẫu chẳng nhận_diện thương_hiệu rõ_ràng vin,{BRAND#Negative};
ban_đầu khai_phá gầm đô_thị ford escort kona quánh ford tan_nát seltos đập phát kia chết dí thân gầm động_cơ seltos thua kia bảo mấy voz chê ỏng chê_eo thị_trường ta lắm xe giá hợp_lý bờ đê,{PERFORMANCE#Negative};{COST#Negative};{BRAND#Neutral};
ngoại_hình cảm_giác hyundai mắc_kẹt mẫu thiết_kế xe chắp_vá chỗ già chỗ trẻ,{EXTERIOR#Negative};
xe tuyệt_vời phân_khúc giá_cả hợp_lý xe gầm tiết_kiệm nhiên_liệu rộng_rãi nội_thất cao_cấp tính_năng an_toàn chi_phí bảo_dưỡng thương_hiệu uy_tín,{COST#Positive};{BRAND#Positive};{EXTERIOR#Positive};{INTERIOR#Positive};
yc xăng nội_thất ok xforce chạy ga êm ồn xforce hàng hai hai chân hơi khó_chịu chút dang hai đút hai chân vô_ghế vắt chân ổn 1 m68 yc full adas lẫn ghế chỉnh_điện camera360 ăn_đứt xforce cốp xe hai yc xforce xforce kéo bệ tì hàng hai đồ cốp tiện,{EXTERIOR#Positive};{PERFORMANCE#Negative};{INTERIOR#Negative};{FEATURES#Positive};
mua yc đỡ 65 tr mua yc hợp_lý mua xp uti cố cx5 deluxe_niên_yết mượt mua yc hev múc cx5 lux hợp_lý v,{COST#Positive};
lái đi phố lái nhẹ_nhàng yaris cross cam_adas cảm_biến xforce_bản mắc yc 60 tr mà_còn tùm_lum mua độ không_khéo lệch tr yc,{PERFORMANCE#Positive};{FEATURES#Positive};
nội_thất yaris cross thể_hiện chủ_đề toyota đổi_mới trẻ_trung tiếp_cận đơn_giản buồn_tẻ thay không_gian mẫu xe hạng b tương_đối cầu_kỳ tất_nhiên mặt vật_liệu kỳ_vọng nổi_bật tương_tự mẫu crossover hạng b da kim_loại yaris cross phá đường kẻ vải họa_tiết nhựa mua xe trẻ thích_thú,{INTERIOR#Positive};
đi thử độ êm_khung gầm yc ngon tăng_tốc êm_mượt ghế_ngồi ôm lưng máy_lạnh mát tầm quan_sát thoáng nhược_điểm máy gào lọt cabin tăng_tốc khó_chịu âm_tốt xforce cửa thắng,{PERFORMANCE#Positive};
mạnh_mẽ tính_năng an_toàn xe dứt_khoát tính_năng an_toàn xe toyota yaris cross an_toàn tiết_kiệm giá,{FEATURES#Positive};{COST#Positive};
xf pre ngang giá option yaris cross lăn bánh 700 tr_xíu xf ultimate tiệm cận 800 tr tầm_ý ta cx5,{COST#Neutral};
yc cảm_giác cân_bằng yếu_tố máy_yếu dcvt tăng_tốc ì_ạch tiền va_chạm 50 km h nhừn hợp_lý ô_tô phanh gấp tốc_độ dồn toa lái đại_lý bảo_dưỡng toy có_giá rẻ km gạ thuốc hiểu_biết xe,{PERFORMANCE#Positive};{COST#Positive};
yaris cross đẹp chững chạc yaris_cross tài_chính kiểu_dáng thể_loại xe nghỉ yaris cross khung gầm_dhs kiểm_định toyota thị_trường ý_kiến,{EXTERIOR#Positive};{COST#Positive};
mấy tính_năng an_toàn hãng sản_xuất cạnh_tranh mặt thương_mại vui chạy xe chạy xe kinh_nghiệm tính_năng đi toyota veloz cross đi tắt adas ngu thắng thành_phố thắng cắm_đầu,{FEATURES#Negative};
đi yaris hv hôm_qua lưu_thông xe phanh đột_ngột hơi xe tự_động phanh trải toyota xe tốt_cơ,{FEATURES#Positive};
nghịch_lý yaris cross thắng ngăn tức_là thắng giảm_thiểu tai_nạn km cảnh_báo thắng đâm tipcar lý_giải giúp đổ thừa ánh nắng xe chiều chạy mờ,{FEATURES#Negative};
đi xe lái thử xforce pre đẹp tham_khảo xe trưng_bày showroom cột lỏng nội_thất khớp nhựa hoàn_chỉnh lắm lái thử cảm_nhận đi đường xấu rè nhựa sales fix sản_xuất giao mấy lỗi đĩa phanh cột phàn_nàn sales lơ_đi yaris_xăng xforce nội_thất tử_tế mặc_dù nhựa chuẩn_chỉnh lái đường xấu cảm_nhận ồn xfoce khả_năng chấp_nhận hệ_thống adas hoạt_động ok_tóm_lại cọc yaris_xăng xe_nhật tầm giá xe ưu_nhược_điểm thiên chạy ổn_định bảo_dưỡng rẻ nội_ngoại hài_hòa tai_tiếng dhs nhà_máy kiểm_soát chặt_chẽ khâu sx xforce đầu ra_mắt lỗi fix lô sản_xuất,{EXTERIOR#Negative};{INTERIOR#Positive};{COST#Positive};{BRAND#Positive};
vid tương_đối veloz yaris cross dừng logo toyota cột xe toyota đời sâu vios corolla altis mỏng thoáng dhs cột chỗ nghỉ_chân trái ghế tài bọn dhs đấy mỏng xe bthg lái_xe bánh_trái toyota đặt_chân bao xe nhựa nội_thất nhựa xe vios corolla cross dày_dặn cao_cấp bavia nhựa chi_tiết hề mấy anh_em hộp đồ ghế phụ raize kinh_tởm safety sense corolla cross camry phàn_nàn nma dhs phàn_nàn làn nhỡ signal chập_chờn nguy_hiểm video hôm_nay năng_phanh giảm_thiểu va_chạm nghi_ngại yrcr thiết_kế dhs yên ngựa chân ga phanh hợp_lý hiện_tượng kích_chân yên ngựa vận_hành xe dứoi góc_độ chủ xe corolla altis toyota nghĩa trải_nghiệm toy lân dhs bổ_sung,{EXTERIOR#Negative};{FEATURES#Negative};{INTERIOR#Negative};
phanh tự_động yaris cross adas giả_cầy đấy tính_năng hoạt_động chập_chờn lỗi video so_sánh creta vật_cản phanh khen ngút_trời video phanh bảo camera vật_cản giống_thực nhận_diện trả_lời comment tipcar wth làn video hello xe camera mờ tiền đồ dậu rảnh soi hệ khung_gầm diehatsu giả_cầy khung gầm yaris cross ac200 dnga b segment avanza veloz việt_nam khung gầm chỗ khoang động_cơ veloz độ_chế cơi_nới cắt_xẻ xforce khung gầm rise cũ khung gầm toàn_cầu mitsubishi bố_trí thép gia_cường ac200 daihatsu ac200 cực thép mpa rise thép mpa hình_ảnh khung gầm google khác_biệt phân_khúc nhà_sản_xuất bớt tùy chỗ chiến_lược hàng khung gầm ngon chi_phí hạng_mục hơi kém option miên_man cắt chỗ khung_gầm kết_luận xforce tai_nạn mạng ta đâm diehatsu giúp xe đỡ xước đỡ mất_giá mạng tai_nạn hên xui,{FEATURES#Negative};{EXTERIOR#Negative};{COST#Positive};
chào việt anh_em lái thử hrv xforce yaris_cross vô_lăng yaris cross đi chậm vô_lăng cảm_giác lỏng kiểu đánh nhẹ vô_lăng trái xe đi thẳng dòng daihatshu sẵn_sàng mua daihatsu chi_phí hợp_lý lái thử lắm đi thử yaris cross đi thử vios raize kiểu đánh_lái đặc_thù hãng mong giải_đáp cảm_nhận đánh vô lăng_tốc_độ,{PERFORMANCE#Negative};{INTERIOR#Negative};{COST#Positive};
cam hệ_thống nhầm chân phanh yaris ngon hệ_thống phanh dải tốc_độ km h xfor ngon yaris rẻ xfor đắt quả_lọc không_khí thực_dụng yaris an_toàn rẻ người_nhà say xe xfor_lọc không_khí rộng hộ_trợ say tiền mua tặng em_trai yaris tiếp_kiệm an_toàn lái phục_vụ bố_mẹ già say xe xfor anh_em quan_điển xfor đẹp bảo trục ọp_ẹp,{COST#Positive};{EXTERIOR#Neutral};{PERFORMANCE#Positive};{FEATURES#Positive};
yaris đẹp lo_ngại chất_lượng xforce ngoại_thất xấu đuôi xe hoàn_thiện ọp_ẹp xe danh_sách cân_nhắc bd3 altis vf6,{EXTERIOR#Positive};
xe yaris cross xe đẹp cứng_cáp hình đẹp khung gầm dòng xe đông nam_á tương_đương xe công_năng tính_năng an_toàn giá_cả hợp_lý hư_hỏng vặt bảo_dưỡng rẻ mất_giá ok,{EXTERIOR#Positive};{FEATURES#Positive};{COST#Positive};
test yc đoạn đường soc_trang đi rạch giá tiêu_hao nhiên_liệu 8 lit km,{PERFORMANCE#Positive};
vote yaris máy toyota bàn công_nghệ ngon tiết_kiệm nhiên_liệu mà_còn bảo_dưỡng thay phụ_tùng,{PERFORMANCE#Positive};{FEATURES#Positive};{BRAND#Positive};{COST#Positive};
đi yaris cross hev êm_nhé,{PERFORMANCE#Positive};
xfroce km phanh tự_động làm_việc ok km phnah tự_động làm_việc ok km phanh tự_động làm_việc ok km phanh động_cơ làm_việc đâm chướng_ngại_vật yaris cross km phanh tự_động làm_việc đâm chướng_ngại_vật hệ_thống chống đạp nhầm chân ga xfroce yaris_cross làm_việc hiệu_quả,{FEATURES#Positive};
phân_vân định vỏ mỏng ấn ọp_ẹp ok đi đua máy khỏe thân vỏ mỏng băn_khoăn liệu ảnh_hưởng an_toàn ồn tầm_giá phân_khúc xe ồn chút ý_kiến,{EXTERIOR#Negative};{PERFORMANCE#Positive};{COST#Neutral};
ngon vận_hành trơn_tru ồn đồn cách_âm,{PERFORMANCE#Positive};{FEATURES#Positive};
xe ngon vận_hành trơn_tru ồn đồn cách_âm anh_em mua xe chuẩn chê siêu ngon,{PERFORMANCE#Positive};{FEATURES#Positive};
hộp cvt mẫu vọt cảm_giác hộp_số,{PERFORMANCE#Negative};
sức_mạnh hev hev đạp ga gấp rú máy ghê lắm xăng điện,{PERFORMANCE#Positive};
700 m máy thanh_niên cào_phím đòi an_toàn đày_đặn xe đức tr che nắng che mưa hòa gầm chê,{COST#Positive};
đi chạy_thử lái đi huynhdai mazda audi porche dòng xe lái thuê chủ cảm_nhận xe êm_ái_lanh lẹ option trang_bị an_toàn âm_tốt cách_âm audi a5 lái_xe bốc đi bình_thường ổn sock đọc bình_luận chê kinh_nghiệm xe đi ổn chê đi thử đặt_cọc hôm_nay đại_lý tr giới_thiệu linh_tinh đi thử,{PERFORMANCE#Positive};{FEATURES#Positive};
xe vận_hành êm tiết_kiệm bền đẹp,{EXTERIOR#Negative};{PERFORMANCE#Positive};
xe giá hợp_lý thương_hiệu phanh điện_tử aotu hole_lẫy ngon óp_sừng đầy_đủ,{COST#Positive};{BRAND#Positive};{FEATURES#Positive};
đi thử sức_mạnh xét kiểu_dáng ngoại_thất hầm_hố đẹp kia seltos sonet,{EXTERIOR#Negative};
ngon phân_khúc suv cỡ b đi xf,{PERFORMANCE#Positive};
cvt ngon,{PERFORMANCE#Negative};
mua nhìu nghiên_cứu youtube kiểu xe tiền tiền xe thôi_mún tiêu_chí đi ngon máy_lạnh mát sâu xe gầm thiết_kế trẻ_trung to đi phố ok quốc_lộ ok bình_thường cốp rộng gia_đình vợ trẻ_em hồi youtube chê_nhìu thua thua kia qtrong sở_thích thương_hiệu xe mẫu_mã tiêu_chí chê chê múc_thế,{FEATURES#Positive};{PERFORMANCE#Positive};{EXTERIOR#Positive};{INTERIOR#Positive};
tiếng daihatsu chuyên xe phân_khúc hạng b nhật gia_công sản_xuất mấy mazda subaru phân_khúc hạng b đâm_đụng bẹp chẳng daihatsu phân_khúc b hãng lái_xe cố_gắng an_toàn hệ_thống an_toàn toyota mẫu thiết_kế thiết_kế đẹp mấy hyundai chẳng_hạn veloz đẹp stargazer yaris cross đẹp creta máy_lạnh mát mấy xe hàn âm chê thùng tôn ồn honda động_cơ mã_lực tương_đương mitsu lái_bóc khỏe mitsu mua bình_luận vui sai rep,{BRAND#Positive};{FEATURES#Neutral};{EXTERIOR#Positive};{PERFORMANCE#Positive};
xe lái thử ok mấy xforce creta daihatsu nổi_tiếng sản_xuất xe phân_khúc b đội madza subaru mua daihatsu toàn daihatsu sản_xuất hộ nhật thương_hiệu daihatsu tin_yêu toyota,{PERFORMANCE#Positive};{BRAND#Positive};
tui lái vios sorento xforce new seltos yaris cross rùi ưu_nhược_điểm mấy xe đấy cân_đo tiêu_chí nhu_cầu tui điều_hòa mát sâu độ mát lắm rùi lái vô_lăng đầm siết review luyên_thuyên kêu lỏng_lẻo treo đi phố tui đi biên_giới đường đẹp ăn_uống tiết_kiệm loanh_quanh lít 100 km tùy chân to cách_âm không_gian khoang lái tệ mấy review khoang động_cơ âm lắm chân ga đi êm_nội_thất đẹp đắp tiền doanh_số noa on_top thái đấy việt_nam lẹt_đẹt mấy hãng ngáo_giá đấy bảo_dưỡng hãng đấy,{FEATURES#Positive};{PERFORMANCE#Positive};{INTERIOR#Positive};{COST#Positive};
tính_năng chống đạp nhầm chân ga yaris cross,{FEATURES#Positive};
sờ yaris_cross thân vỏ n mỏng_manh không_gian n ok ghế_ngồi cốp lái thử,{EXTERIOR#Negative};{INTERIOR#Positive};
lái thử xe treo cross creta rât_êm hơi bồng_bềnh test kiểu phóng cua gấp creta nghiêng lái_cross suy_nghĩ fortuner cua nghiêng creta cross âm_hơi chán bóp còi xe xe,{PERFORMANCE#Positive};{FEATURES#Negative};
xài yaris hài_lòng giá hợp_kí,{COST#Positive};
xe toyota đình đạp nhầm phanh an_toàn,{FEATURES#Positive};
kiểu_dáng yaris_cross sợ xe tyohatsu,{BRAND#Negative};
đẹp hàn_ăn mặc_bền toyota nhen,{BRAND#Neutral};
sự_dụng toyota bảo_hành hàng rẻ,{COST#Positive};{BRAND#Positive};
creta giàn loa nhạc yaris cross công_nghệ chống nhầm chân ga tiền logo địa_cầu,{FEATURES#Positive};
chế_độ nhầm ga,{FEATURES#Positive};
giá yaris cross xăng so_sánh creta công_nghệ creta thua yaris cross xăng,{FEATURES#Positive};
xe tuyệt_vời phân_khúc suv hạng b giá_cả hợp_lý xe gầm tiết_kiệm nhiên_liệu rộng_rãi nội_thất cao_cấp ghế da chỉnh_điện tính_năng an_toàn chi_phí bảo_dưỡng thương_hiệu uy_tín,{COST#Positive};{EXTERIOR#Positive};{PERFORMANCE#Positive};{INTERIOR#Positive};{FEATURES#Positive};{BRAND#Positive};
đi vạn đều_đặn 180 km phân_vân x force yariss xăng thiết_kế hầm_hố tính_năng khác_biệt xăng điện một_chút thương_hiệu bền_bỉ tiết_kiệm ghế lái_chỉnh điện đi đường trường cao_tốc nội_thành báo 5 km 1 l tkiem đi,{EXTERIOR#Positive};{BRAND#Positive};{PERFORMANCE#Positive};{FEATURES#Positive};{COST#Positive};
chạy thử ok âm_hơi ồn chốt mua vợ xong triệu lót sàn bớt ồn_tí ok,{FEATURES#Negative};{PERFORMANCE#Positive};
lái thử kiểu thiết_kế,{EXTERIOR#Positive};{INTERIOR#Positive};
đại_lý bảo_dưỡng nỗi hỏng hóc,{BRAND#Positive};
giảm_giá bán_chạy,{COST#Neutral};
trang_bị hộp at,{PERFORMANCE#Negative};
hybrid khắc_phục cơ_bản nhu_cầu chủ tút xe đi 4 l 100 km p sợ hỏng hộp_số,{COST#Positive};{PERFORMANCE#Negative};
chê tầm tiền thể_hiện kỳ_vọng,{COST#Positive};
chạy grab chuyên hà_nội nội xe báo km l,{COST#Positive};
thân vỏ mỏng mỏng cửa đi đóng phát hắn bê_bối,{EXTERIOR#Negative};
đèn xấu mạnh_mẽ đầu xe xe bé xforce_lực,{EXTERIOR#Negative};
700 tr hợp_lý base bùng_nổ doanh_số,{COST#Positive};
xét tổng_thể_trừ tôn_mõng ok tầm giá 700 trieu ảnh_hưởng vận_hành mấy ngon tôn_dầy tầm 1 ty khác_biệt,{EXTERIOR#Negative};{COST#Positive};
đẹp đấy đẹp hạng b,{EXTERIOR#Positive};{INTERIOR#Positive};
đi vạn đều_đặn 180 km phân_vân x force yariss xăng thiết_kế hầm_hố tính_năng khác_biệt xăng điện một_chút thương_hiệu bền_bỉ tiết_kiệm ghế lái_chỉnh điện đi đường trường cao_tốc nội_thành báo 5 km 1 l tkiem đi,{EXTERIOR#Positive};{FEATURES#Neutral};{BRAND#Positive};{COST#Positive};{INTERIOR#Positive};
6 l 100 km hn quảng_cáo,{COST#Negative};
xe mua bà_xã đi ké yaris thanh_gươm bé bé quý dòng toy yaris cờ rớt,{EXTERIOR#Positive};
đi 10 k km kêu bảo_dưỡng rẻ rẻ đi bảo_dưỡng sh mùi quảng_cáo thay tháo đấy rẻ sh,{COST#Negative};
quảng_cáo xe chạy,{PERFORMANCE#Negative};
tai 50 km chi 400 k noi co_xao troi,{COST#Negative};
khung gầm dnga giá tnga khen việt bọn nhật gạt bánh bánh_cha vios đi chả khen,{COST#Negative};{PERFORMANCE#Negative};{BRAND#Negative};
rẻ á_rẻ option hạng b xforce seltos creta hrv hạng option giá toàn trời,{COST#Positive};
yaris vô_lăng trễ lái thử xe đi bữa đi taxi trễ rõ_rệt,{PERFORMANCE#Negative};
suy_nghĩ phết rộng_rãi gọn lách chất_lượng kiểu_dáng thương_hiệu tương_đối giá_cả xe ưng_ý,{INTERIOR#Positive};{EXTERIOR#Positive};{BRAND#Positive};{COST#Positive};
xài yr cross kích_thước gia_đình trẻ vợ_chồng_con đẹp lanh_lẹ đi phố sức xe chạy 100 km h loa loa pioneer adas xài option cam_cảm biến quanh xe cảm_biến áp_suất lốp đầy_đủ vô_lăng chạy chậm hơi lỏng chạy siết êm ồn đi đường đẹp nhược_điểm đi đường xấu siêu_ồn đi đèo núi lẫy an_toàn xài phanh đi phố cỡ lít 100 km đi đường trường cỡ lít tiết_kiệm,{EXTERIOR#Positive};{PERFORMANCE#Positive};{FEATURES#Positive};{COST#Positive};
trải_nghiệm phân_khúc tui giá tiền trang_bị trải_nghiệm tiện_ích thẩm_mỹ yarris_cross hài_hòa ý_kiến,{COST#Positive};{FEATURES#Positive};{PERFORMANCE#Positive};{EXTERIOR#Positive};{INTERIOR#Positive};
độ an_toàn rõ_ràng toyota yarris cross nhỉnh đạp nhầm chân phanh yaris cross hiệu_quả động_cơ chút thân_vỏ thằng yaris ổn câu dainhatsu,{FEATURES#Positive};{PERFORMANCE#Neutral};{EXTERIOR#Negative};
khung tàu,{EXTERIOR#Negative};
mê chống đạp nhầm chân ga giá rẻ yaris chờ xe,{COST#Positive};{FEATURES#Positive};
yariss cross đẹp,{EXTERIOR#Positive};
hrv mặc_dù ồn đắt cân_nhắc chi_phí lâu_dài yaris cross ổn,{BRAND#Positive};{COST#Positive};
hàng nhật ưa_chuộng chi_phí công_nghệ hợp_lý việt,{BRAND#Positive};{FEATURES#Positive};{COST#Positive};
yaris thương_hiệu chi_phí bảo_dưỡng hình_thức hài_hóa,{BRAND#Positive};{COST#Positive};
clip đoạn test đạp nhầm chân ga chốt cọc yaris cross,{FEATURES#Positive};
yaris đáp thóc ga tiếng máy ta,{PERFORMANCE#Negative};
yaris cross đẹp an_toàn creta ngoại_thô đẹp giá,{EXTERIOR#Positive};{COST#Positive};
yaris cross creta mặt ca lăng_trông ngu,{EXTERIOR#Positive};
yaris cross ghi_điểm tính_năng chống đạp nhầm chân ga,{FEATURES#Positive};
yaris cross ngoại_hình đẹp logo xấu phân_khúc mặt ếch đầu máy_ủi gói an_toàn che đi mác daihatsu xe hrv g hơi ồn chút đồng_tiền bát gạo,{EXTERIOR#Negative};
toy yaris cross rẻ triệu đi lâu_dài yên_tâm lọt top bán_chạy phản_ánh thị_trường,{COST#Positive};
yaris cross việt_nam yaris daihatsu,{BRAND#Negative};
mua xe toyota yaris cross hev đk chê áp_lực khung gầm daihatsu_thân vỏ mỏng_manh nội_thất ọp_ẹp vvân mây mây nhực trưa tiếng máy hơi ồn_bật nhạc đổi tính_năng an_toàn tiết_kiệm xăng gọn,{EXTERIOR#Negative};{INTERIOR#Negative};{PERFORMANCE#Negative};{COST#Positive};
video yaris cross chễm_chệ top phân_khúc thị_trường chứng_minh xe,{BRAND#Positive};{COST#Positive};
yaris nội_thất xấu toàn nhựa camera màn_hình sơ_sài hiển_thị kém tầm_giá kia seltot,{INTERIOR#Negative};{FEATURES#Negative};
yari cross trang_bị an_toàn bền_bỉ bảo_dưỡng rẻ đẹp thương_hiệu nổi_tiếng tg,{BRAND#Positive};{FEATURES#Positive};{COST#Positive};
xe nhật_thi xe hàn cãi,{BRAND#Positive};
mạng yaris cross tiền bánh creta,{PERFORMANCE#Positive};
hành_trình quê tết trở_lại thành_phố yaris cross tổng_quãng đường 1600 km đi đường đường làng quốc_lộ cao_tốc hài_lòng xe xe chạy êm_ái tiết_kiệm nhiên_liệu,{PERFORMANCE#Positive};{COST#Positive};
thời xe hàn_option xe nhật xe nhật option clip yaris nhỉn creta creta phiên_bản yaris hãng giảm_giá,{BRAND#Positive};{COST#Positive};
toyhatsu yaris cross gian_lận trình creta cho_dù option ngập mặt đi_chăng_nữa,{FEATURES#Negative};{PERFORMANCE#Negative};
tầm triệu mua yaris cross hợp_lý gầm tiết_kiệm chi_phí rộng_rãi tính_năng an_toàn cảm_giác lái chấp_nhận đi quen ok đi,{COST#Positive};{FEATURES#Positive};{PERFORMANCE#Positive};{INTERIOR#Positive};{EXTERIOR#Positive};
creta bà_xã yaris vi_deo xong xe tham_khảo mục_đích mặc_bền yaris oke,{BRAND#Positive};{COST#Positive};{PERFORMANCE#Positive};
bảo_dưỡng hyundai 0 k kỹ bảo_dưỡng ta tư_vấn chục triệu tiền đồ đề_nổ ngon so_sánh bản_đồ đường độc_quyền free toàn ngon creta đấy đâm túi_khí bung toang,{COST#Positive};
cọc xe yaris_vi an_toàn ga đạp nhầm phanh tự_động hữu_ích vợ vô_lăng chi_phí bảo_dưỡng toyota rẻ hợp_lý,{FEATURES#Positive};{COST#Positive};
phanh sinh yếu xe đoạn kẹt xe vòng_xuyến chạy xe phanh tin_tưởng chân phán_đoán sử_lý tình_huống xe làm_việc,{FEATURES#Negative};
bảo phần_mềm màn_hình infotainment thiếu_thốn thử phân_tích so_sánh xe,{FEATURES#Negative};
trải_nghiệm nhận_xét ra_mắt anh_em xe nhận_xét treo xforce cứng đi chỗ gờ giảm_tốc ổ_gà mấp_mô cảm_giác cứng_sóc bảo treo êm ngon hơi,{PERFORMANCE#Neutral};
công_nhận đẹp chê nhan_hậu đi để_ý đèn đường,{EXTERIOR#Negative};
video đoạn nhận_xét hệ_thống treo xóc đứng đầu bảng đi đường đánh lái gấp hệ_thống treo mềm cứng yếu_tố tính_năng cua cân_bằng điện_thoại trống_trơn trượt lốp bám đg hinh phân_khúc xe hrv xe gọi treo xóc cứng mềm_mại đi lươn đoạn đường mấp_mô hố ổ_gà cảm_nhận dõ hệ_thống treo xóc hoạt_động êm_dập tắt giao_động hệ_thống treo ngon,{PERFORMANCE#Neutral};{FEATURES#Neutral};
đi yếu_lăm việt_nam tối_thiểu đi tạm thoải_mái đạp xpander 1 m cao_tốc co cơ_mông xe gia_đình mua xe đầu chuẩn_doanh_số t7 kinh đấy,{PERFORMANCE#Negative};
đợt vf9 đâm cao_tốc nhìu chê công_nghệ phanh đâm coi clip chạy bảo_vệ,{FEATURES#Negative};
xi_nhan đèn phanh bé tí_thế kiểm_định đăng_kiểm tất_nhiên độ_chế zin động_cơ xpander đi hầm_hố,{EXTERIOR#Negative};{PERFORMANCE#Positive};
chức_năng tự_cụp pha xe đom đóm đèn nguy_hiểm,{FEATURES#Negative};{PERFORMANCE#Negative};
mua confirm tiền cảm_giác lái tucson đợt lái thử luồn_lách cảm_giác xe,{COST#Positive};{PERFORMANCE#Positive};
xe thiết_kế trẻ_trung thể_thao trang_bị đầy_đủ đi đô_thị đi đường đèo cẩn_thận máy hơi yếu,{EXTERIOR#Positive};{PERFORMANCE#Negative};
xforce pre đi nửa 10 km hôm đi mỹ_đình kim_bôi hòa_bình đi đg_atk đi đi dốc cun_tải tài người_lớn trẻ_em hành_lý đi sướng trời mưa_trơn chế_độ wet đi đg_atk dốc dốc sd ds d đi ổn xăng tiết_kiệm 4 l 100 km xe xe êm ghế rộng thoải_mái hòa tự_động mit tiếng khen tóm_lại ổn đi phố hộp ctv êm_ái đi dã_ngoại đồi_núi hề yếu xe ds cực mượt hối_hận,{PERFORMANCE#Positive};{FEATURES#Positive};{COST#Positive};{INTERIOR#Positive};
tipcar ý_kiến góp_ý phân_vân xf yariss cross yac daihatsu khung gầm vỏ kém chất_lượng tính_năng công_nghệ yac hiệu_quả yac xf xf premoum đỡ 45 tr yaris cross tài_chính hạn_chế,{EXTERIOR#Negative};{FEATURES#Negative};{COST#Positive};
xe nầy đèn xi_nhan nốt rùi mặc_dù độ chú_ý xe an_toàn độ xi_nhan,{EXTERIOR#Negative};
ôi đèn xi_nhan xe bé bé đi hè nắng chói_khó,{EXTERIOR#Negative};
đi ultimate màu trắng tipcar chính_xác hợp_lí lắm tipcar treo xforce êm_ái phân_khúc đi cảm_nhận treo cứng đi đường gồ_ghề mấy lươn cảm_nhận xe treo mềm cảm_giác êm chê nhu_cầu chạy cao_tốc quê xforce,{PERFORMANCE#Negative};{EXTERIOR#Positive};{INTERIOR#Positive};{FEATURES#Positive};{COST#Positive};
giá mit trang_bị hộp_số sức_tải một_chút mit ưu_ái trang_bị turbo áp cỡ 20 psi seltos tuyệt_vời chê vác xe đi hà_giang chở tải mệt cán tỷ quản_bạ hà_giang dốc gắt mục_đích anh_em đi miền núi sức máy đầu sở_hữu xe cảm_nhận năng_lực động_cơ xe trải_nghiệm dòng yếu,{FEATURES#Negative};{PERFORMANCE#Negative};
chê đèn tối nội_thất kêu ọp_ẹp,{EXTERIOR#Negative};{INTERIOR#Negative};
đi gờ giảm_tốc xóc long_óc bù sập ổ_voi vững_vàng,{PERFORMANCE#Neutral};
chạy tốc_độ 70 km h đụng nhẹ vật cản chứng_tỏ hệ_thống an_toàn chủ_động phanh khẩn_cấp xe ngon hệ_thống phanh khẩn_cấp xe toyota corolla croos test hệ_thống phanh chủ_động toyota corolla croos hv dám thử tốc_độ 30 km h corolla_croos bền máy_móc khung gầm đâm_đụng thua xe,{FEATURES#Positive};
mits nâng tầm pr tầm mấy hãng xe tàu pr xe ngang tầm mits,{BRAND#Positive};
bô xe xforce lắc_lư chạy á_điều xe,{EXTERIOR#Negative};
corrolla cross bậc sở_hữu xe nhận_xét công_tâm,{PERFORMANCE#Negative};{BRAND#Negative};
mua xfoce utimet chạy đường_trường tầm 15 phut sộc mùi lưu_huỳnh vô_cabin xe trường_hợp hãng kêu bình_thường,{PERFORMANCE#Negative};
ok_trừ cụm màn hình_phí,{INTERIOR#Negative};
xfocre toy cross ống xả gọn_gàng lắm lộ lù_lù trông đẹp lắm,{EXTERIOR#Negative};
đi ức_chế đèn,{EXTERIOR#Negative};
sở_hữu_bản ulti ưu_điểm thế_mạnh di_chuyển xe yếu_điểm bộc_lộ xe đứng yên cảm_biến cốp_khóa mở_cửa phanh kêu đi chậm đường xấu_hơi xóc chốt fix thành vios việt_nam,{PERFORMANCE#Neutral};
hệ_thống phanh khẩn_cấp thông_minh ngon gấp vạn glc lăn bánh tỷ xe đức hệ_thống phanh xài thua xe cỏ thằng kỹ_sư đức học_hỏi nhật,{FEATURES#Positive};{BRAND#Positive};
tăng_tốc 15 s 100 km h ngang vf3 đấy đỉnh chóp,{PERFORMANCE#Negative};
misubisi loa yamaha loa bose jbl,{INTERIOR#Negative};
tăng_tốc chậm mg zs 15 s 100 km h,{PERFORMANCE#Negative};
nền_tảng khung gầm xe hạng b phổ_thông đi đường xấu liền xóc_lòi lắc ngang dữ_dội tiền mâm cx5 base mg hs for_sure đẹp_mã rộng_rãi tiết_kiệm,{EXTERIOR#Negative};{PERFORMANCE#Negative};{INTERIOR#Positive};
xe hạng b cốp điện mutsu chơi_trội mua độ đẽo,{FEATURES#Positive};
x force glx xe hửi xăng chạy đi cao_tốc 100 k xăng 100 km giá xăng 23 k lít,{COST#Positive};
100 km h mất_giây yếu hiếm_mẫu xe yếu thế_này đi đường dám xe,{PERFORMANCE#Negative};
phanh 0 km h phụ_thuộc vận_tốc xe_tải xe mặt_đường hệ_thống phanh chủ_quan số_liệu video,{PERFORMANCE#Negative};
tóm_lại tầm tiền tr phân_khúc ổn hãng giảm_giá tầm_tr top đầu,{COST#Positive};
tận ultimate chút tiền tùy ghế lái_chỉnh điện thiệt nổi chữ ultimate nghĩa_là mà_còn thua sonet premium,{FEATURES#Negative};{BRAND#Negative};
đi thử xe yếu rộng_rãi gia_đình đi phố hợp_lý,{PERFORMANCE#Negative};{INTERIOR#Positive};
chán chốt cửa tapi nhựa đèn xinhan,{EXTERIOR#Negative};
thực_dụng đi phố cao_tốc ok máy yếu đi địa_hình chán_ối dồi ôi,{PERFORMANCE#Negative};
khóa cửa tự_động hàng ghế ồn hàng ghế,{FEATURES#Negative};{PERFORMANCE#Negative};
xforce kính_lái mẫu thử bí lắm,{EXTERIOR#Negative};{INTERIOR#Negative};
xe yếu_vcc nội_thất đẹp,{INTERIOR#Positive};{PERFORMANCE#Negative};
đẹp tội bê_nguyên bàn_thờ xe xấu quá_thể,{EXTERIOR#Positive};{INTERIOR#Negative};
xe động_cơ yếu,{PERFORMANCE#Negative};
xf khen chê chủ_yếu nhan vỏ mỏng hr đắt ồn_ghế ghờ khó_chịu,{EXTERIOR#Negative};{INTERIOR#Negative};
góp_ý mitsu xi_nhan to tý ok phân_khúc,{EXTERIOR#Negative};
Bấm bấm nút kế chạy tui bãn động_cơ điện nằm cầu hộ trờ 33 kmh ngon tái_tạo tý năng_lượng offroad nhẹ_nhàng,{PERFORMANCE#Positive};{FEATURES#Positive};{COST#Positive};
tiếng hòa bật máy rú êm_tí tuyêth,{FEATURES#Negative};{PERFORMANCE#Negative};
xe chạy tốc_độ 80 km tiếng gió cánh cửa to màn_hình taplo vô_lăng xấu liền_mạch màn_hình giải_trí hơi phèn ổn,{PERFORMANCE#Negative};{INTERIOR#Negative};
xe đẹp trang_bị công_nghệ cruise_control lỗ hỏng cực yếu xe thành top phân_khúc,{FEATURES#Negative};
tầm_giá ngon hình_thức mẫu_mã ổn tài_chính hạn_hẹp glx,{COST#Positive};
chạy thử cảm_nhận hấp_dẫn ds đạp đường_nhựa sướng triton đi kk kg chê,{PERFORMANCE#Positive};
tầm tiền nhìn_lực mặt đường khá_lực,{EXTERIOR#Positive};
trung_bình cảm_giác,{PERFORMANCE#Positive};
video xong mua xe mua xe tầm tiền đấy,{COST#Positive};
giá mềm nội_thất vô_lăng,{EXTERIOR#Positive};{INTERIOR#Positive};
doanh_số dak lak chạy vf6 ban_đầu xfoce thíc xe_điện,{BRAND#Positive};
chạy cảm_nhận máy tiết_kiệm xe bật sport ức_chế cải_thiện động_cơ xíu option máy best choice,{PERFORMANCE#Neutral};{COST#Positive};
ngon máy yếu_ớt đạp ga dính_ghế máy_yếu chạy tốc_độ tua_máy hao_xăng,{PERFORMANCE#Negative};
xf động_cơ khỏe tí chê,{PERFORMANCE#Negative};
thiết_kế taplo mit huyn hơi thất_vọng,{EXTERIOR#Negative};
xe đẹp,{EXTERIOR#Positive};{INTERIOR#Positive};
hrv base phân_khúc tầm_giá hổ_trợ trước_bạ ngon,{COST#Positive};
mitsu dạo chịu_khó bơm tiền kol mấy tiền chi_phí vận_hành bảo_dưỡng chả kiểu_dáng trẻ hợp đứng_tuổi chả,{EXTERIOR#Negative};{COST#Negative};{INTERIOR#Negative};
động_cơ xpander tải khỏe máy bền,{PERFORMANCE#Positive};
đèn_hậu đầu xe kém phân_khúc xe cỏ,{EXTERIOR#Negative};
hộp at ngon bền_bỉ,{FEATURES#Negative};
máy yếu phân_khúc nha,{PERFORMANCE#Negative};
xi nhan_nhỏ,{EXTERIOR#Negative};
xe chạy hơi rung,{PERFORMANCE#Negative};
xi nhan_phía bé trời nắng xe đi trừ chỗ,{EXTERIOR#Negative};
dị_dị,{EXTERIOR#Negative};
nhan_bé tý,{EXTERIOR#Negative};
xe xforce ultimate xe ưu nhược_như nhược_điểm camera lùi nét nội_thất màu đen hơi tối bẩn nhanh_lộ 50 km đi kêu to rà phanh đi chậm liên_hệ hãng hãng báo thay đĩa phanh đợi phanh thay thay đợt đi_lại kêu ưu_điểm đẹp rộng_rãi bệ_vệ chất_liệu nội_thất_ok màn_hình to tính_năng an_toàn phanh điện_tử auto hold đèn tự_động gạt mưa tự_động cánh báo giảm_thiểu va_chạm cảm_biến áp_suất lốp xe thoải_mái âm loa lái nhẹ_nhàng quan_sát tiết_kiệm nhiên_liệu lái đường_cao_tốc 5 l 100 km lái hrv có_lẽ xforce rộng thoáng,{FEATURES#Positive};{INTERIOR#Positive};{PERFORMANCE#Positive};{COST#Positive};{EXTERIOR#Positive};
hộp at xpander ngon hẳn 6 at leo đèo ổn xforce_định hình_độ thị đường_cao_tốc mượt hệ an_toàn loa giải_trí cung đường xấu hơi_đuối dòng xe pajero mitsubishi,{PERFORMANCE#Negative};{FEATURES#Positive};
cvt ồn_bỏ mẹ hỏng hóc,{PERFORMANCE#Negative};
xe mã_đẹp chả ifact,{EXTERIOR#Positive};{PERFORMANCE#Negative};
đẹp ngáo_giá chê hrv ngáo giá ngáo chẳng vẹo nổi_trội,{COST#Negative};{EXTERIOR#Positive};
xe đẹp giá đắt thế_giới rơi vào_cuộc khủng_hoảng_kinh_tế hàng hóa dư_thừa ô_tô người_dân dự_thế phòng_thủ chú_trọng ăn_chữa bệnh học_tập chi_phí thiết_yếu cuộc_sống hàng gác mua_sắm tài_sản vô_tình xe_hơi ảnh_hưởng doanh_số,{COST#Negative};{EXTERIOR#Positive};
đắt nội_ngoại thất_đẹp phân_khúc lazang đẹp,{EXTERIOR#Positive};{INTERIOR#Positive};{COST#Negative};
cũ dct_ly hợp_kép hộp at phiên_bản song_song rõ_ràng hộp_số cải_lùi,{PERFORMANCE#Negative};
trường_hợp cvt thay thụt_lùi thay_vì giảm_giá seltos tăng_giá,{PERFORMANCE#Negative};
nghĩa_soán honda ngáo giá,{COST#Negative};
đẹp phân_khúc crossover cỡ b,{EXTERIOR#Positive};{INTERIOR#Positive};
nguyên_bản cũ phanh điện_tử nguyên giá có_lẽ chạy,{FEATURES#Negative};{COST#Negative};
kia thaco làm_khó dải sản_phẩm xe ngáo giá ế toàn hãng đua sâu cụ bảo mất_hút,{COST#Negative};
đi chạy_normal standard mode tiết_kiệm xăng eco mode đạp tốc_độ nhả ga thả trớn ít_hao xăng trễ ga đạp tốc_độ tốn nhiên_liệu,{PERFORMANCE#Positive};{COST#Positive};
đẹp giá hơi,{COST#Negative};{EXTERIOR#Positive};{INTERIOR#Positive};
củ đi gắn camera,{COST#Negative};{FEATURES#Negative};
xe hạng b giá hạng giá tucson facelift xăng,{COST#Negative};
kia làm_khó,{BRAND#Negative};
đẹp xe chả less ngon,{EXTERIOR#Positive};
củ tao cx5 ngon,{COST#Negative};
kia đổi logo xong ngáo_giá giá triệu hợp_lí giá sportage bán_chạy,{COST#Negative};{BRAND#Negative};
giá xong hứng_thú nội_dung tầm_giá tham_khảo dòng xe,{COST#Negative};
cx5,{COST#Negative};
xe hàn càng_ngày_càng ngáo giá,{COST#Negative};
xe khung gầm ấn_độ xe hạng b giá đắt cx5_hạng ế,{EXTERIOR#Negative};{COST#Negative};
đắt hao nhiên_liệu options ưu_điểm seltos,{COST#Negative};{FEATURES#Negative};
máy kia ăn_sao hón đà đẹp_trừ mâm chán_vãi chưởng xe hàn_giờ mâm chán xe nhật_đức bao kiểu mâm tí_xíu nhã_nhặn đẹp rối mua đợi creta hrv g đi mượt,{BRAND#Negative};
trải_nghiệm đời máy_yếu phản_hồi chậm chạy cao_tốc ồn lắm khung gầm,{PERFORMANCE#Negative};{EXTERIOR#Positive};
kia ngáo giá,{COST#Negative};{BRAND#Negative};
seltos 9 trăm,{COST#Negative};
kia dạo phê thuốc ngáo giá ớn,{COST#Negative};{BRAND#Negative};
hợp_lý seltos chấp_vá phiên bảng dct chứng_tỏ khách_hàng chả chấp_nhận xe ngáo giá xài cục máy sonet doanh_số top ế tàn_hình,{COST#Negative};
mấy xe trung_quốc tầm tiền thương_hiệu,{BRAND#Negative};{COST#Negative};
ngáo giá,{COST#Negative};
seltos luxury lăn bánh tỉnh 735 tr_giá hơi trải_nghiệm so_sánh ẻm xe hoàn_hảo mua xe chủ_yếu nhu_cầu thẩm_mỹ tạm_thời hài_lòng xe ok rộng thoải_mái mua màu trắng rõ_ràng xe hàn mẫu_mã đẹp khen xe đẹp kiểu_dáng hiện_đại trẻ_trung quê tưởng xe chổ hiện hài_lòng lăn tăn_xíu vể xăng cảm_giác hơi_hao chạy đi đường_phố hổn_hợp,{COST#Negative};{INTERIOR#Positive};{BRAND#Positive};{EXTERIOR#Positive};
đẹp phân_khúc,{EXTERIOR#Positive};
xe nhật 5 t 70 tr xe hàn 4 t 50 tr,{COST#Negative};
ngáo giá,{COST#Negative};
xe options lái lái đi mua xe giá tiền option mua xforce yaris cross xe trung_quốc xe đắt option lái nghèo_nàn ế,{PERFORMANCE#Negative};{COST#Negative};
mắc òm mua mua teritory cx5 ngon_lành hrv ngon,{COST#Negative};
7 l 100 km phố rõ_ràng tiết_kiệm hr v máy turbo_mã tầm,{COST#Negative};
xe hàn máy hạng b giá xe nhật_hạng xe mỹ 5 t ngáo ngáo,{COST#Negative};
giá hơi đắt 800 tr lựa_chọn,{COST#Negative};
chê seltos thoải_mái tiền nong mua đi,{COST#Neutral};
turbo ngáo_giá ngoại_hình,{COST#Negative};
chết ngáo giá đợt giá hợp_lí chỉnh_sửa xong bân hẳn xe cạnh_tranh đẹp ngon_lành ế,{COST#Negative};
kia seltos hot,{BRAND#Negative};
xe phân_khúc b lởm_dởm triệu ngáo_giá giá bảo territory đạp chân chán_đời mấy hàn,{COST#Negative};{BRAND#Negative};
mua con_số sàn mg,{COST#Negative};
at ngon khác_biệt xe_nhật mua,{BRAND#Negative};
yaris cross xăng lăn bánh 670 tr 800 tr xe hàn_ngáo giá xe nhật,{COST#Negative};
facelift ngáo giá option chả gt adas giá gt cx5 n_vả gãy kết_quả biến creta,{COST#Negative};
phủ_nhận kia xe ngoại_thất nịnh_mắt việt mia xe đôi_khi đẹp người_nhà tham_gia trang_bị khung gầm vận_hành seltot đơn_giản_thị_yếu việt đầu vợ l vin giảm_giá chốt vf6 plus pin seltol xe lái ao ước,{EXTERIOR#Positive};{PERFORMANCE#Positive};{COST#Negative};
ngáo giá máy cải_lùi ế,{COST#Negative};
mua đợt ford territory base lăn bánh ngáo,{COST#Negative};
vf6 plus kèm pin lăn bánh_hcm chạm miễn_phí sạc vị_chi di_chuyển chi_phí 0 đ cú,{COST#Negative};
phiên_bản xe rối_rắm ngáo giá,{COST#Negative};{BRAND#Negative};
dòng đời cũ giá ngáo,{COST#Negative};{BRAND#Negative};
giá phanh điện_tử v,{FEATURES#Negative};
cảm_nhận thaco giá mẫu đẩy hàng tồn_kho mẫu cũ mẫu cũ lắp_ráp thang xe hãng xe đời cũ toi giá thực,{COST#Neutral};
seltos thiết_kế đẹp hài_hòa nội_thất,{EXTERIOR#Positive};{INTERIOR#Positive};
xe năng_động trẻ_trung,{EXTERIOR#Positive};
đèn hậu_hơi caren,{EXTERIOR#Positive};
xe đẹp,{EXTERIOR#Positive};{INTERIOR#Positive};
seltos chủ_yếu xu_hướng nhu_cầu thị_trường,{BRAND#Positive};
xe hàn đắt_giá xe nhật,{BRAND#Negative};{COST#Negative};
cửa_sổ trời trừ phiên_bản,{FEATURES#Negative};
cât cửa_sổ trời cam360 buồn,{FEATURES#Negative};
mua năm_ngoái đẹp hơi tiếc cũ cst at ghế trắng trông xe giá ok,{EXTERIOR#Positive};{COST#Positive};{INTERIOR#Positive};{PERFORMANCE#Positive};
cắt bớt ngang mặt ga lăng đuôi xe đẹp cũ,{EXTERIOR#Negative};
lại khó bán,{COST#Negative};
cửa_sổ trời tiếc,{FEATURES#Negative};
triệu lăn bánh adas,{FEATURES#Negative};
giá adas nuốt,{COST#Negative};{FEATURES#Negative};
yên ngựa xấu taplo tạm,{EXTERIOR#Negative};
xe nhật giảm_giá,{COST#Negative};
mã đọng_cơ cũ êm hộp_số ngon cvt giá mắc,{COST#Negative};{PERFORMANCE#Negative};
mitsubishi xfocre,{BRAND#Negative};
tầm 70 tr giá ngon,{COST#Negative};
sướng giá sát phân_khúc,{COST#Negative};
đợi hyundai thành_công mẫu creta facelift seltos thaco ngáo giá,{COST#Negative};
giá hơi ngáo mua creta cao_cấp,{COST#Negative};
thiết_kế xấu đẹp tùy tiện_ích thua xa_stargaze máy,{FEATURES#Negative};
bề ngang seltos y_như canival thu,{BRAND#Positive};
pre tầm ok giá lạy cụ,{COST#Negative};
premium lăn bánh mua tucson ngon,{COST#Positive};
giá hơi đối_thủ phân_khúc xfoce veloz hrv,{COST#Negative};
giá xe_hơi,{COST#Negative};
tui chạy thử thua honda jazz chạy máy,{PERFORMANCE#Negative};
xe đẹp đấy ngáo giá tí,{COST#Negative};
giá,{COST#Negative};
thiết_kế rẻ_tiền cũ rẻ_tiền xe tàu,{EXTERIOR#Negative};
chân ga trễ ngon,{PERFORMANCE#Negative};
đời cũ xe ổn đời_mới đẹp chê giá đợi hãng deal ngon,{COST#Neutral};{EXTERIOR#Positive};
seltos phanh điện_thoại kia caren phanh tay_cơ caren kém seltos lunn,{FEATURES#Positive};{EXTERIOR#Positive};
cơ_bản xe đông xe đẹp ngon_trang_bị,{EXTERIOR#Positive};{FEATURES#Positive};
ế ngáo giá,{COST#Negative};
định_giá ghê,{COST#Negative};
xe ra_mắt năng_lọc không_khí thaco lắp đốp tính_năng thaco làm_ăn bố_láo,{FEATURES#Negative};{BRAND#Negative};
seltos chẳng hot máy cvt khoai giá cao_mẫu cũ tb sức hút,{PERFORMANCE#Negative};
kia việt_nam ngáo giá mẹ giá,{COST#Negative};
ngáo giá,{COST#Negative};
đầu xe dối_dắm mắy_yếu vận_hành chán hai tui khí adát an_toàn mua xe đầu kinh_nghiệm xe oto,{PERFORMANCE#Negative};{FEATURES#Negative};{EXTERIOR#Negative};
máy sonet ngáo giá,{COST#Negative};
giá mua mẹ_con sportage 0 g đi sướng ngáo,{COST#Negative};
giá chân_ái,{COST#Negative};
ế,{BRAND#Negative};
đôi_khi phản_tác_dụng nội_thất đẹp_trừ điều_khiển hòa phèn tả,{EXTERIOR#Positive};{INTERIOR#Negative};
giá chất_lượng ngon seltos mua mấy xe hạ giá chê chất_lượng,{COST#Negative};
seltos ngáo giá mua kia,{COST#Negative};{BRAND#Negative};
ngáo gia sonet luxury premium hàng,{COST#Negative};
ngáo giá,{COST#Negative};
thằng xe hàn quyền ngáo_giá thằng xe nhật,{COST#Negative};{BRAND#Negative};
tình_hình đại_lý xe ra_mắt đẩy giá ngút_trời giảm_giá kích_cầu,{COST#Negative};
kia ngáo giá,{COST#Negative};
form_dáng ghê chê khung gầm ấn_độ mềm_xèo veloz,{EXTERIOR#Positive};{PERFORMANCE#Negative};
mit điều_chỉnh giá gt line giá pre lux,{COST#Negative};
thaco mazda giá hợp_lý kia giá ối dời carens,{COST#Negative};
bớt ngáo_giá luxury cắt tùm_lum ngang giá cao_cấp,{COST#Negative};{FEATURES#Negative};
kia ngáo giá ảo_tưởng giá xe đại_lí đi,{COST#Negative};
phiên_bản kenz ấn_tượng trung_bình tầm giá bán_chạy giá tẹo,{COST#Negative};
nâng_cấp,{FEATURES#Positive};
cảm_giác lái hòa seltos kenz seltos cũ lái rời_rạc hòa hơi đuối_bản nâng_cấp lấn_cấn hộp_số cvt giá nhô xe,{PERFORMANCE#Negative};{INTERIOR#Negative};{COST#Negative};
giá hơi ngáo,{COST#Negative};
xe hàn mãi nắm_bắt thị_hiếu xe đánh giới trẻ bắt_mắt màu mè mua lịch_lãm thiết_kế rườm_rà vô_cùng,{BRAND#Negative};{EXTERIOR#Negative};
nội_thất đồ_chơi quê,{INTERIOR#Negative};
hrv úc đắp full option giá rẻ việt_nam triệu rẻ 20 tr trả_giá,{COST#Positive};
xe dáng đẹp vuốt mazda,{EXTERIOR#Positive};
l cũ mâm vũ_ơi rs,{EXTERIOR#Positive};
màu sơn triệu tư_bản tiền ác,{COST#Negative};
gương chống chói tự_động,{FEATURES#Negative};
đẹp,{EXTERIOR#Positive};
turbo coi ế,{FEATURES#Negative};
ghê honda đỉnh nghỉ,{BRAND#Negative};
hrv hybrid thị_trường_nhật châu_âu lưới tản_nhiệt đồng màu thân xe cảm_giác liền_mạch hiện_đại hơi hướng điện hóa hev lưới tản_nhiệt màu đen ra_mắt việt_nam,{EXTERIOR#Negative};{BRAND#Negative};
hrv g đẹp quyết_định cx5,{EXTERIOR#Negative};
toàn giá trời xe lựa_chọn ngon,{COST#Negative};
facelit_nhẹ mua tụt_mood xe hàn,{BRAND#Positive};
nổi bọn hd gồ ghế hàng tác_dụng ta ghét,{INTERIOR#Negative};{BRAND#Negative};
nhu_cầu full_tải rộng_rãi thường_xuyên chở phân_khúc tầm_giá mua ưu_nhược_điểm,{INTERIOR#Negative};
chỗ hàng ghế chỗ lòi hạ đồ rớt ghế honda làm_vậy,{INTERIOR#Negative};{BRAND#Negative};
cảm_giác lái phê_phê chạy đường mệt_mỏi cac chú_ý mẫu xe thể_thao nha,{PERFORMANCE#Positive};
xe xấu mẹ đứa bảo tao nửa mùa,{EXTERIOR#Negative};
giá hàng hèn trần,{COST#Negative};{INTERIOR#Negative};
xe đẹp hàng chán,{EXTERIOR#Positive};{INTERIOR#Negative};
conn dáng đẹp an_toàn giá tầm 550 tr lắn bánh tí đẹp,{COST#Negative};{EXTERIOR#Positive};
honda oto việt_nam kiểu nhờéo doanh_số,{BRAND#Negative};{COST#Negative};
yếu hẳn rs cũ,{PERFORMANCE#Negative};
tỷ_bạc option hụt khung gầm trống_rỗng chuột tổ tăng_tốc máy gầm sợ màn_hình giải_trí cùi_bắp thất_vọng,{COST#Negative};{EXTERIOR#Negative};{INTERIOR#Negative};{PERFORMANCE#Negative};
tubo láy cảm_xúc,{FEATURES#Negative};
mìn xe hãng honda giá honda định_giá coi người_dân việt_nam phân_khúc giá hãng accord ế xe,{BRAND#Positive};{COST#Negative};
xe nhập_thái giá đắt,{COST#Negative};
toyota raize phân_khúc hạng loanh_quanh 500 tr cảnh_báo mù gương honda crv rs hev đắt gấp cảnh_báo mù gương honda,{FEATURES#Negative};{COST#Negative};
g cảm_biến áp_suất lốp màn lcd cốp_điện okay đấy,{FEATURES#Negative};
ngáo_giá niêm_yết giá honda thèm check_giá cx5 xfoce yaris cross đái đầu khoe khoang option chả xe tàu tưởng logo honda volvo,{COST#Negative};{BRAND#Negative};
giá ối ôi cx5 hạng ngập_tràn trang_bị,{COST#Negative};
mã ngang city gầm cao_xác yếu,{PERFORMANCE#Negative};{EXTERIOR#Negative};
honda việt_nam đi ếc chê ụ hàng ghế bao_lâu_nay y_nguyên,{BRAND#Negative};{EXTERIOR#Negative};
chạy hrv g cảm_giác chạy quốc_lộ ôm cua 70 km h adaptive cruise control định_tâm làn phê không_thể_nào tả nổi xưa tiền rs turbo phê_cỡ,{PERFORMANCE#Positive};
máy turbo lắp tren hrv phê hrv xác xe nhẹ chạy crv máy turbo,{PERFORMANCE#Positive};
crv vỏ dày cứng hrv âm_khoang máy môi_trường tốt_độ ồn đời đi đường xấu hrv crv_đời xe chê_ồn đi xe khung rời fortuner ford everest,{EXTERIOR#Positive};{PERFORMANCE#Positive};
mãi kênh độ ồn hrv đo máy hrv ồn gầm tiếng ồn liên_tục khó_chịu ồn_động_cơ ồn gió,{PERFORMANCE#Negative};
mua xe đầu hrv g quan_điểm xe liên_tục cảm_giác chân_ga vô_lăng,{PERFORMANCE#Positive};
hrv g cảm_giác sức_mạnh động_cơ tạm xf_yếu chán chết lái vô lăng xe honda miễn_chê cua tốc_độ độ ồn hrv ồn đường xấu,{PERFORMANCE#Positive};{INTERIOR#Positive};
mua hrv g t8 xe bao_dưỡng 10 k km honda sensing lỗi cửa xe tài kêu rè_rè máy_cày xe chạy cực ngon honda keo trang_bị lót gầm động_cơ,{FEATURES#Negative};{PERFORMANCE#Positive};{BRAND#Negative};{EXTERIOR#Negative};
ngoại_hình hrv trông đỉnh_đạc động_cơ hrv thương_hiệu honda_mitsubishi kết_luận,{EXTERIOR#Positive};{BRAND#Positive};{PERFORMANCE#Positive};
xf chả hrv lái thử xe cảm_giác lái xf_chán hẳn hrv lái thử xe chốt cọc hrv tuần,{PERFORMANCE#Positive};
honda hrv mẫu xe toàn_cầu khung gầm_động cơ_độ hoàn_thiện nhỉnh xe mitsu dna loạt xe toy giả_cầy daihatsu,{BRAND#Positive};{EXTERIOR#Positive};
honda hrv xe tuyệt_vời kiểu_dáng sang_trọng lịch_lãm bền_dáng chi_tiết hoa_hòe trần xe_hơi dáng sang_trọng hy_sinh một_chút độ có_lẽ nhà_sản_xuất thông_thường dòng xe tiền kiểu_dáng lịch_lãm phô_trương hầm_hố ngóc_ngách hai động_cơ tuyệt_vời vô lăng_lái sướng nhiên_liệu tiết_kiệm hàng ghế bằng_phẳng lồi hoàn_chỉnh nhất_tóm_lại nội_thất đẹp lắm,{EXTERIOR#Positive};{INTERIOR#Negative};{PERFORMANCE#Positive};
hrv g khả_năng xforce bản_l giá mazda_cx5 ta mua cx5 mua hrv hrv form_dáng xấu mắt việt hrv ế nằm top xforce,{EXTERIOR#Negative};
hrvg đi 20 k km đi tiết_kiệm nhiên_liệu cao_tốc lít quốc_lộ tầm lít đi phố tầm 7 lit lẩy d1 d5 leo đèo đi đà_lạt siêu_ổn chẳng thắng lẩy_số tự_chỉnh km cân_bằng adas siêu_nhậy cực nhạy va_chạm xe_máy ô_tô ồn tui đi cảm_nhận đi ké xe hạng b ok tổng_kết nhập_thái bền_chẳng hư xe cố_gắng đi đổi xe,{COST#Positive};{PERFORMANCE#Positive};{FEATURES#Positive};
hrv thẩm_mỹ châu_âu âu_lạc hả lạy bảo hrv đời_mới hài_cốt hàng hiếm khu chạy đường tôm cá đáng_giá crv đẹp hrv brv xấu xấu thua mấy mazda seltos khúc,{BRAND#Positive};{EXTERIOR#Negative};
hrv phân_khúc đứng cạnh lynk_co gái trang_điểm,{EXTERIOR#Negative};{COST#Positive};
phán chính_xác xấu đẹp tùy sở_thích tầm đa_dạng xanh_đỏ tím vàng ngoại_hình hrv cột,{EXTERIOR#Negative};
hrv đời xấu_hoắc xấu phân_khúc xe hạng b,{EXTERIOR#Negative};
hrv đẹp dã_man xe phổ_thông phân_khúc hạng b hạng đẹp,{EXTERIOR#Positive};
chủ xe hrv g tiêu_hao 7 lít 100 km,{COST#Positive};
hrv g xài máy thế_hệ máy sohc ok_hóng awd,{PERFORMANCE#Positive};
vợ tuyền_thuyết đô_thị nhắc tròn câu_chuyện vợ đi coi hrv ồn coi vợ xe tham_khảo xforce yaris cross yaris túi_tiền yaris hàng kịp chốt hrvg_lái đi phố cao_tốc 400 km cảm_giác xe đúng_đắn hối_hận 1 s mặc_dù ghế_nhỉ cần_thiết độ,{PERFORMANCE#Positive};
hrv g thiết_kế nắm cửa nắm cửa gọt ghế phụ hàng ghế bọc sẵn ghế da xe vượt_trội,{INTERIOR#Negative};
đi honda hrv g sài gòn đà_lạt 350 km tiêu_hao nhiên_liệu 2 l 100 km đoạn đô_thị tp hcm,{COST#Positive};
xe nhược_điểm nằm xe,{EXTERIOR#Negative};
đời khúc nhỏ_xíu,{EXTERIOR#Negative};
công_nhận form_dáng đẹp porcher hề khập_khiễng,{EXTERIOR#Positive};
giá lăn bánh 750 tr giá thực bên_thái ngon việt_nam cắt giá,{COST#Negative};{FEATURES#Negative};
pót chơ châu_á ổn_áp tiền rước,{EXTERIOR#Positive};
hrv l đẹp video form coupe macan ưng,{EXTERIOR#Positive};
lái phố âm_con hrv l ổn anh_em đi êm_ru tiếng lốp động_cơ ù,{PERFORMANCE#Positive};{FEATURES#Positive};
ngoại thất_ổn áp_nội_thất bình_thường,{EXTERIOR#Positive};{INTERIOR#Negative};
porche phiển lỗi,{EXTERIOR#Negative};{INTERIOR#Negative};
l g giá đắt 51 tr camera_cập lề cốp_điện thôi_thà mua g 51 tr độ camera_độ cốp điện_độ màn_hình to tiền 51 tr,{COST#Negative};{FEATURES#Negative};
g phí trước_bạ l có_giá chấp_nhận,{COST#Negative};
giá,{COST#Negative};
cắt tubor thua đời cũ,{FEATURES#Negative};
honda cảm_giác lái vô_lăng honda khác_biệt cầm lái,{PERFORMANCE#Positive};
đáng_giá 750 tr trở giá lăn bánh thái_lan trang_bị ngất_ngây giá việt_nam cắt giá nổi,{COST#Negative};{FEATURES#Negative};
tỷ khung gầm ghiền chắn gầm máy nằm gầm xe công_nông fan_honda hrv thất_vọng,{COST#Negative};{EXTERIOR#Negative};{BRAND#Negative};
màn bé xe ồn mua cx5 đi,{INTERIOR#Negative};{PERFORMANCE#Negative};
honda kẹt_xỉ tối_đa lợi_nhuận máy trang_bị giá ngang toyota máy hybrid toyota,{PERFORMANCE#Negative};{COST#Negative};{BRAND#Negative};
gờ hàng ghế độ gọt_phẳng chướng_mắt,{INTERIOR#Negative};
hàng ghế hrv nhô xe cx5,{INTERIOR#Negative};
xấu rẻ nhập_thái,{EXTERIOR#Negative};{COST#Positive};
mâm xứng chị_em,{EXTERIOR#Negative};
mua lái phê_đầm đồng_tiền,{PERFORMANCE#Positive};{COST#Positive};
tr đồng_hồ điện_tử thua xforce,{FEATURES#Negative};
honda bản_l cửa_sổ trời la_giăng rs củ ok,{FEATURES#Negative};
cốp điện ghế_điện vô_lăng lanewatch túi khí loa sạc dây,{FEATURES#Positive};
cụ kiểu mặc_bền rước hrv l đấy xe mua yên_tâm đi dài_lâu giá,{BRAND#Positive};{COST#Positive};
rộng toyota_cross thiết_kế,{EXTERIOR#Positive};
bệ tì_tay màn_hình kết khai đồ trung_nhập indo,{INTERIOR#Positive};
nội_thất mê,{INTERIOR#Positive};
ly_hợp kép_ướt ngon,{FEATURES#Negative};
trông gầm cảm_giác mấy hrv,{EXTERIOR#Positive};
xe bày đời đẹp,{EXTERIOR#Positive};
vf7 lực ghê lắm,{EXTERIOR#Positive};
xe giá hợp_lý thế_này việt_nam tâm_lý anti_đồ tàu ủng_hộ,{COST#Positive};{BRAND#Positive};
thoáng_tưởng thiết_kế kia,{EXTERIOR#Positive};
đầu xe làm_màu yếu_ớt,{EXTERIOR#Negative};
mong_muốn hãng tinh_chỉnh vô_lân đằm xe_nhật xe mỹ,{PERFORMANCE#Negative};
đập mắt đẹp,{EXTERIOR#Positive};
lux,{COST#Positive};
hôm đi đường nhing,{EXTERIOR#Positive};
đẹp tầm nửa tỉ ok,{COST#Positive};{EXTERIOR#Positive};
sel báo lăn bánh đắt ăn_nổi xfoce,{COST#Negative};
full_giá trở đọ dòng xe hiện,{COST#Negative};
đi ồn accen củ,{PERFORMANCE#Negative};
full tầm đầu cửa trở xe,{COST#Negative};
ngoại thất_đẹp gu mặt ca lăng,{EXTERIOR#Positive};
đẹp rẻ thành_công nông_dân tiền xe,{COST#Positive};
giá ảo,{COST#Negative};
đi lái thử trải_nghiệm cảm_nhận kenz tàu tàu this tàu that niềm hãng nhà_máy lắp_ráp việt_nam đấy giá lúa tiền thịt option xe trung_quốc tươm_tất sale lăn bánh 5 xx lăn bánh option chừng chênh_lệch 100 tr cao_dù option ngon cân_nhắc giá 5 xx lăn bánh vụ nổ đấy option ok thuần_base 5 xx lăn bánh khấu_hao hưởng,{BRAND#Positive};{COST#Positive};
cam_ghế lái_chỉnh điện hướng ghế phụ_chỉnh điện hướng sưởi thông_gió ghế lọc bụi pm loa sony cửa_sổ trời cốp_điện option đấy xe adas dở_hơi,{FEATURES#Negative};
lái thử cảm_giác lái máy bốc máy êm_rờ máy nổ độ rung nhẹ ồn đi tầm ồn lốp cứng khung gầm âm tốt_gầm lớp_su non_ốp để_ý cánh_âm lái ồn,{PERFORMANCE#Negative};
lái thử chút cảm_nhận máy đạp cỡ máy hơi_gào khó_chịu cao_tubo đỡ lag chút vô_lăng nhẹ_độ chi_tiết ổn_độ liền_lạc khung gầm đi dám đẹp ảnh phân_khúc b dáng xe không_gian rộng lắm sale giá 660 tr 580 tr ngon sale toàn ngang mấy đầu nắm sản_phẩm thông_tin sai,{PERFORMANCE#Positive};{EXTERIOR#Positive};{COST#Positive};
sơn_la đường đồi_núi ưng_ý c5 video hài_lòng,{PERFORMANCE#Positive};
ngoại_trừ đèn_pha đẹp,{EXTERIOR#Negative};{BRAND#Positive};
xe đẹp,{EXTERIOR#Positive};{INTERIOR#Positive};
xe mướt mua xe hợp_lý anh_em mua ngại khâu bảo_hành bảo_dưỡng xe,{EXTERIOR#Positive};{BRAND#Negative};
định mua tết đồ_đạc thay_thế,{BRAND#Negative};
mấy hôm đà_nẵng chạy đường hãng đẹp thiệt,{EXTERIOR#Positive};
dẫn_động cầu bàn,{PERFORMANCE#Positive};
đẹp,{EXTERIOR#Positive};{INTERIOR#Positive};
xe đẹp options co_nhieu hãng bảo_dưỡng nè,{BRAND#Negative};
hy_vọng rẻ chút tậu,{COST#Negative};
đẹp bền chất_lượng dân mua,{EXTERIOR#Positive};{INTERIOR#Positive};
giá trang_bị an_toàn tiêu_chuẩn bảo_hành hậu_mãi sửa_chữa bảo_dưỡng,{FEATURES#Positive};{COST#Positive};{BRAND#Neutral};
thay truc xe_hoi mong_manh,{EXTERIOR#Negative};
đi xe tàu mg5 đẹp chạy accent,{EXTERIOR#Positive};{PERFORMANCE#Negative};
xe chỗ chê mởi_tội sx china,{BRAND#Negative};
mấy ok ngại sdung,{BRAND#Negative};
chính_phủ chính_sách bảo_vệ mấy hãng trung_quốc out thị_trường trạng_thái đem chợ,{BRAND#Negative};
xe thi ok ngon thiết_kế ngoại_hình xấu nội_thất ok,{EXTERIOR#Negative};{INTERIOR#Positive};
hợp_lý,{COST#Positive};
tiếng ồn khoang động_cơ buồng_lái hàng ghế ồn_nữa khắc_phục omooda thành_công việt_nam mong_omoda chỗ_đứng thị_trường định cọc lái thử,{PERFORMANCE#Negative};{BRAND#Positive};
xe đẹp phết động_cơ khỏe bảo_hành,{EXTERIOR#Positive};{PERFORMANCE#Positive};{BRAND#Positive};
kinh bảo_hành vạn km kinh mấy xe hàn_quốc đi vạn lọc xọc,{BRAND#Positive};
xe trung_quốc hiện đương_ưa_chuộng chất_lượng công_nghệ công_nghệ sản_xuất cơ_bản thu_hẹp hãng xe trung_quốc đầu_tư bài_bản hệ_thống showroom bảo_hành bảo_dưỡng việt_nam rõ_ràng nghi_ngại ví_dụ mg đầu_tư hệ_thống hãng trung_quốc việt_nam nghiêm_túc công_nghệ ngại mua,{BRAND#Negative};{FEATURES#Positive};
c5 mặt ca_lăng xấu xấu_sao,{EXTERIOR#Negative};
xe trung_quốc giá rẻ chi_phí phụ_tùng rẻ trung_quốc phủ chết 3 s toàn_quốc,{COST#Positive};
úc omoda giá rẻ đẹp càng_ngày_càng chạy tây chạy hẳn_hoi châu_á xe đi lướt chất giá rẻ chốt đơn,{COST#Positive};{BRAND#Positive};{EXTERIOR#Positive};
giá pre flagship thơm,{COST#Positive};
dám bảo_hành động_cơ hẳn đấy,{BRAND#Positive};
thời_trang hrv honda,{EXTERIOR#Negative};
đẹp,{EXTERIOR#Positive};{INTERIOR#Positive};
kỳ_thị lắm dân việt ưa xe tàu giá,{BRAND#Negative};
đẹp kinh_khủng,{EXTERIOR#Positive};{INTERIOR#Positive};
chê trung_quốc đi xe trung_quốc xe trung_quốc giá thị_trường việt_nam hãng bớt ngáo giá,{BRAND#Positive};
sai đấy bảo_hành động_cơ vin bảo_hành xe,{BRAND#Negative};
đuôi xe thân xe ok đầu xe thiết_kế xấu bẩn,{EXTERIOR#Negative};
yên ngựa ghiền nhập hãng tàu đi mua gầm thay city,{EXTERIOR#Positive};
kết_j7 omoda c5 giá cạnh_tranh tài_chính giá tầm full lăn bánh,{COST#Positive};
đại_lý ok,{BRAND#Negative};
xe đi gờ giảm_tốc lắc lắm,{PERFORMANCE#Negative};
cầu lùi dốc bám đường,{PERFORMANCE#Positive};
full 6 xx ghê 7 xx có_lẽ lc06 ngon,{COST#Negative};
6 xx full x tàu lc06 cực_kì j7 7 xx chiến ngon_lành c5 6 xx ăn_thua lắp việt_nam ổn,{COST#Negative};{BRAND#Negative};{FEATURES#Negative};
công_nhận yên ngựa kiểu module kiểu diy lắp,{EXTERIOR#Positive};
cửa_sổ trời tiện đánh gá đại_liên chiến,{FEATURES#Positive};
bảo treo mềm bảo treo cứng,{FEATURES#Negative};
việt_nam nội_ngoại thất_nhìn đẹp_trang bi_an_toàn ok bỏ_qua_mặt thương_hiệu độ bền thân vỏ khung gầm tr đắt dư_giả lắm mua vi đẹp,{EXTERIOR#Positive};{FEATURES#Positive};{BRAND#Negative};{COST#Negative};
xe ok ngoại_trừ tính_năng sưởi ấm ghế,{EXTERIOR#Positive};{FEATURES#Negative};
tiền máy_móc bền_bỉ,{PERFORMANCE#Negative};
kích_thước hr rs hợp_thị hiếu_việt_nam xe trần,{EXTERIOR#Neutral};
giá treo đa_điểm lyn_co lăn_tăn ngoại_hình nội_thất trừ thiết_kế đứt giá,{FEATURES#Negative};{EXTERIOR#Positive};{INTERIOR#Positive};{COST#Negative};
đuôi đẹp mặt ca lăng,{EXTERIOR#Neutral};
nội_thất đẹp phết giá ok chạy đường mấy,{INTERIOR#Positive};{COST#Positive};{BRAND#Negative};
thương_hiệu xe trung_quốc ok,{BRAND#Negative};
chạy khỏe ì bọn treo bình_thường option mát_ghế mát_lưng mông góc chữ cực thoáng,{PERFORMANCE#Positive};{FEATURES#Positive};{EXTERIOR#Positive};
cuv hạng b giá 500 tr tàu kiểu xe rẻ thế_nhở lụm euro ncap,{COST#Positive};
túi_tiền độc_lạ suy_nghĩ lựa_chọn hãng ưng_ý ưng hãng omoda_c5 mua,{COST#Positive};{BRAND#Positive};
đầu xe lỗ nhỗ kinh_kinh kiểu,{EXTERIOR#Negative};
mầu trắng đẹp vãi đành tiền rước,{EXTERIOR#Positive};
chạy atto xứng_đáng_giá tiền seal,{COST#Positive};
phân_phối byd việt_nam rối_giờ phân_phối chục mẫu xe doanh_số lẹt_đẹt link_co geely việt_nam ổn_áp chỉnh_chu lâu_dài xe top doanh_số thế_giới kiểu tuần nghỉ,{BRAND#Negative};
điện chính_nha xăng đổi món hời 20 k km bảo_dưỡng,{BRAND#Positive};{PERFORMANCE#Positive};
mẫu sedan phev đắt thị_trường việt_nam,{COST#Positive};
adas_giá cao_thì sale byd khóc_thét adas giá tầm sedan phev full_adas tệp mua đi altis 8 v hóng đi altis ổn đổi,{COST#Negative};
mấy mẫu cuv cỡ b phev tầm giá có_lẽ hợp_lý sedan thoái_chào cuv cỡ phev giá đắt,{COST#Negative};
hybird xăng khỏe đợi byd mpv chỗ hybird kiểu inova giá xpander ngon,{PERFORMANCE#Positive};
xe êm_ái âm_tốt lái_sedan adas seal lí_tưởng nhu_cầu hàng nội_thất ngoại_thất ưng_mắt tiết_kiệm nhiên_liệu xèng quất,{PERFORMANCE#Positive};{INTERIOR#Positive};
xe ngon_vờ cờ_lờ showroom byd km đi đi ngang trạm sạc tốc_độ sạc chạy vf3 pin tầm_tầm xe chạy pin 240 km xe tuần sạc pin đi máy_xăng bình xăng rỉ sét,{PERFORMANCE#Positive};
lái thử tuyệt_vời yếu_tố bền_bỉ thôi_thì vô_địch ngoại_hình lái thử hoàn_hảo xe êm rộng đẹp xe cáh dễ_dàng,{PERFORMANCE#Positive};{EXTERIOR#Positive};{INTERIOR#Positive};
hệ_thống đại_lý mức_độ sẵn phụ_tùng va_chạm mong_muốn thay_thế hãng nhật_hàn hiện nhanh_chóng thương_hiệu trung_quốc chờ,{BRAND#Negative};
tính_năng công_nghệ xe đầy_đủ adas cửa_sổ trời chất gia_đình sức_mạnh thừa giá,{FEATURES#Positive};{COST#Negative};{PERFORMANCE#Positive};
đắt rẻ tham_chiếu so_sánh civic hev ngon bố bay chê byd honda giá công_nhận rẻ 200 tr honda tôm,{COST#Positive};
xấp_xỉ lăn bánh adas xu_hướng chuộng_sedan bán_vấn ngóng full buồn,{COST#Negative};
cao_premium philippine 600 tr việt_nam 700 tr thuế ăn_dày,{COST#Negative};
lái thử perfect xe tăng_tốc khỏe xe dễ_dàng ngoại_hình đẹp xe rộng đi êm gờ giảm_tốc,{PERFORMANCE#Positive};{EXTERIOR#Positive};{INTERIOR#Positive};
giá hơi loanh_quanh chấp_nhận thương_hiệu xe lạ,{COST#Negative};{BRAND#Negative};
giá rẻ nội_thất cơ_bản cơ_bản ế xe công_nghệ định_giá thị_trường việt_nam,{COST#Negative};{INTERIOR#Negative};{FEATURES#Positive};
philipines review bồng_bềnh vật_liệu thua civic bỏ_qua mua siêu_tiết_kiệm giá nhiên_liệu,{BRAND#Negative};{COST#Positive};
lít 100 km ăn_thua điện 20 k 100 km,{COST#Negative};
lit 100 km mua xe xăng chạy khỏe mua xăng lai_pin chi phiền,{COST#Negative};
xe byd đẳng_cấp đứng đầu thế_giới xe_điện tiết_kiệm nhiên_liệu,{COST#Positive};
lái thử tuyệt_vời yếu_tố bền_bỉ thôi_thì vô_địch ngoại_hình lái thử hoàn_hảo xe êm rộng đẹp xe cáh dễ_dàng,{EXTERIOR#Positive};{INTERIOR#Positive};{PERFORMANCE#Positive};
động_cơ xăng 5 l mã_lực điện chạy xăng động_cơ yếu sealion xăng chạy sạc động_cơ điện đi sướng tầm_giá xe_điện đi sướng xe xăng,{PERFORMANCE#Positive};
nhược_điểm xe tốn tiền thay pin tốn tiền sửa cơ_khí tụ_đủ nhược_điểm,{COST#Negative};
xe bốc động_cơ xăng vận_hành bảo_dưỡng mẹ pin xe_điện pin tàu vin chay 0 km chạy phà phà bảo_dưỡng mẹ,{PERFORMANCE#Positive};
xe nổi_bật xe vừa_vặn vặn giá vặn trang_bị vặn xu_thế không_gian dừng vặn rộng_rãi chứng_tỏ byd nghiên_cứu kỹ xu_hướng tiêu_dùng việt_nam tương_lai doanh_số xe dừng vặn,{COST#Positive};{INTERIOR#Positive};{FEATURES#Positive};
gầm xe đường_sá việt_nam cũ trung_quốc khai_tử tồn_byd xả việt_nam,{EXTERIOR#Negative};
đắt rẻ tham_chiếu so_sánh civic hev ngon bố bay chê byd honda giá công_nhận rẻ 200 tr honda tôm,{COST#Positive};
hãng xe trải_nghiệm tiền tỉ trải ví_dụ thiết_kế trang_bị sức_mạnh động_cơ công_nghệ thương_hiệu byd rõ_ràng chứng_minh sức hút quốc_tế độ bền theo_dõi xếp hãng xe_điện rõ_ràng uy_tín chất_lượng sản_phẩm,{FEATURES#Positive};{BRAND#Positive};
không_gian xe thông_thoáng,{INTERIOR#Positive};
xe rộng thoáng ổn ghét_chúa cửa_sổ trời phiền_phức mở_cửa trẻ_em thò di_chuyển an_toàn,{INTERIOR#Positive};{FEATURES#Negative};
khách_hàng việt mua xe thiệt đời cũ adas giá thị_trường_thái gấp đôi giá trung_quốc hãng coi_thường thị_trường việt cũ ra_mắt thị_trường triệu dân đối_xử,{BRAND#Negative};{COST#Negative};
xe đẹp ok việt_nam thuế má giã ác tức giá đội ghê xe tầm lăn bánh múc sợ hãng đem chợ ế xong toi byd xong vf kiểu nội cháu bố_con,{EXTERIOR#Positive};{COST#Negative};
giá rẻ giá châu_âu nam_mỹ 31 k byd người_dân đna mua xe giá rẻ châu_lục chất_lượng,{COST#Positive};
dân việt_nam đa_phần đi xe hybrid chê đắt phát_sinh chi_phí hybrid tiết_kiệm vận_hành sướng sướng vui_lòng chấp_nhận tốn_kém chịu_khó giữ_mình lạc_hậu bev vận_hành sướng trạm sạc hãng xe trạm sạc sản_phẩm khiếm_khuyết xe hybrid ổn nâng trải_nghiệm vận_hành,{PERFORMANCE#Positive};{BRAND#Negative};
kể_ra hãng điều_chỉnh giá giá lăn bánh sức thuyết_phục,{COST#Negative};
xe động_cơ dm i thế_hệ tiết_kiệm xăng tiếc thông_tin blade điện 200 km ngon full adas giá ngon,{PERFORMANCE#Positive};{COST#Positive};
bối_cảnh hạn_chế xe xăng kiểu_dáng tạm ổn,{EXTERIOR#Neutral};{PERFORMANCE#Positive};
túm quần xe đẹp công_nghệ doanh_số thị_trường việt_nam dở_hơi đi xe phev gầm tịt thế_này giá pin dám công_khai trăm củ,{EXTERIOR#Negative};{COST#Negative};{BRAND#Negative};
atto3 đi đầm tăng_tốc mượt ghế thoải_mái dễ_chịu thiết_kế nội_ngoại thất_đẹp,{PERFORMANCE#Positive};{INTERIOR#Positive};{EXTERIOR#Positive};
yếu_chí mạng nằm pin liền khối thay pin hỏng,{COST#Negative};
5 p sạc 400 km khủng byd,{FEATURES#Positive};
đẹp đấy gầm,{EXTERIOR#Negative};
nội_thất sến súa,{INTERIOR#Negative};
thoải_mái hàng ghế đánh_đổi gầm 15 cm sướng bảo_vệ xe,{INTERIOR#Positive};{EXTERIOR#Negative};
nội_thất xấu hợp_gout sealion thèm nội_thất,{INTERIOR#Negative};
lái thử hôm kia khung gầm giảm_tốc nịch_đạp sức kéo giá tiền ngon_ngon cx5 chỗ xe sạc ngon,{EXTERIOR#Positive};{PERFORMANCE#Positive};{COST#Positive};
nội thất_đẹp lạ gái đẹp ấn_tượng va_cảm_xúc đầu an_tâm trạm sạc_hậu mãi bảo_dưỡng sửa_chữa phụ_tùng thay_thế nội_thất đẹp ấn_tượng đi xe nỗi lo trạm sạc hãng rút việt_nam mệt lắm,{INTERIOR#Positive};{BRAND#Negative};
vf6 cửa ngoại_thất nội_thất vận_hành ngang giá vf6 trạm sạc bảo_dưỡng hậu_mãi kém chờ rút ống thở khổ_ôg mua thay pin thái khóc thét,{EXTERIOR#Negative};{INTERIOR#Negative};{BRAND#Negative};{PERFORMANCE#Neutral};
atto đi đầm êm_ái không_gian rộng_rãi tuyệt_vời,{PERFORMANCE#Positive};{INTERIOR#Positive};
atto bề_ngoài đẹp,{EXTERIOR#Positive};
đi 1 v lỗi vận_hành_mượt âm,{PERFORMANCE#Positive};
xe đẹp tính_năng an_toàn tin_cậy,{EXTERIOR#Positive};{FEATURES#Positive};
mua xe ngại vụ sạc pin chỗ đô xe đẹp,{FEATURES#Negative};{EXTERIOR#Positive};{COST#Negative};
trạm sạc vinfast chết,{FEATURES#Negative};
ngoại thất_đẹp nội thất_hơi rối,{EXTERIOR#Positive};{INTERIOR#Negative};
đùa 400 km đi đi phượt đấy tất_nhiên tối nghỉ lựa ks rộng_xíu sạc sạc phí byd đại_lí đại_lí sạc tiện,{BRAND#Negative};
thiết_kế ngoại_thất đẹp thiết_kế nội_thất byd thẩm_cực kì,{EXTERIOR#Positive};{INTERIOR#Negative};
6 xx thay pin báo khách_viên pin 3 xx đồng_nát xe pin xe,{COST#Negative};
xu_thế xe_điện chất_lượng dịch_vụ cạnh_tranh ok,{BRAND#Positive};
trông kiểu thiết_kế phom_dáng toát vẻ vin,{EXTERIOR#Positive};
dòng byd thanh_niên trẻ byd seal_dáng_vẻ sang_trọng lịch_lãm hiện_đại lớn_tuổi byd atto3 đẹp byd khách_hàng châu_âu,{EXTERIOR#Positive};{BRAND#Positive};
rẻ vin việt_nam sạc,{COST#Positive};{BRAND#Negative};
giá đứng thị_trường 600 tr ok,{COST#Positive};
dân ta bảo hàng tàu mua,{BRAND#Negative};
nội_thất nhái_nhái kiểu trung_quốc,{INTERIOR#Negative};
6 xx ban thi muc luon phai suy_nghi,{COST#Positive};
hạng ngon mấy hạng xe hàn_nhật,{COST#Positive};
phổ_cập trạm sạc sạc thành_phố diện_tích lắp trạm sạc xe đôi_khi đối_tượng hàng tiềm_năng byd,{BRAND#Negative};
trạm sạc_phủ vin show room lợn sẻ all in,{BRAND#Negative};
giá lăn bánh củ vin chân_ái,{COST#Negative};
chờ giá chính_thức hy_vọng giá pin nằm tầm 600 tr hot đấy anh_em rat đau chtim,{COST#Positive};
hôm chạy thử ấn_tượng xe chân ga cảm_giác kiểm_soát xe tầm giá 600 tr tiếc hệ_thống trạm sạc,{PERFORMANCE#Positive};{BRAND#Negative};{COST#Positive};
xe byd nội_thất xấu dị_chả,{INTERIOR#Negative};
tự_nhiên xe byd chỗ_đứng châu_âu giá 700 tr ngon,{BRAND#Positive};{COST#Positive};
hàng ghế thèm vin mặt ghế vf67 ngắn,{INTERIOR#Positive};
dung_lượng pin công_suất momen tương_đương vf6 mà_range chạy 100 km vf6 chạy sát công_bố_liệu atto3 sai sai,{PERFORMANCE#Positive};
byd vượt_trội vinfast mặt công_nghệ lõi chi_phí_sản_xuất năng_lực thiết_kế thương_hiệu vf cạnh_tranh,{BRAND#Positive};{FEATURES#Positive};
đường_xá trạm sạc việt_nam 6 xx 7 xx xe xăng x force ráng cx5 điện vf6 lành_atto ngon mạng_lưới trạm sạc đại_lý mời xơi,{BRAND#Negative};
byd hãng tự_chủ khâu sản_xuất công_nghệ pin top tg byd chỗ đem đẹp việt_nam đem sản_xuất tồn_kho châu_âu trung_quốc đống,{FEATURES#Positive};{BRAND#Negative};
trung_quốc chẳng_qua rẻ chất_lượng màn_hình tầm so_sánh máy điện_thoại xiami huawei tv xấu,{INTERIOR#Negative};{COST#Positive};
so_sánh khập_khiễng byd xe_điện kinh_nghiệm nắm sáng_chế tự_chủ công_nghệ lõi sx pin khung gầm động_cơ quốc_gia thế_giới vinfast học_hỏi ủng_hộ hàng việt công_ăn_việc_làm việt đồng_tiền đem mẫu_quốc,{BRAND#Positive};
giá 611 tr v xe v đầu xe việt_nam giá trời đem xứ mỹ_quốc thuê rẻ ôi vf8_plus việt_nam tỏi_rưởi mễ thuê đô đợt khuyến_mãi đô đầu_ốc tỷ_phú việt_nam thuê giá sản_xuất kịp giao xe,{COST#Positive};
xe hỏng pin phần_mềm tầu bảo_hành,{BRAND#Negative};
ô đi hà_nội đà_nẵng điện cắm sạc cắm lỗ đít sạc thuê xe cứu_hộ trở,{BRAND#Negative};
màn_hình vô lăng_vô lăng_đẹp tổng_thể nội_thất sang_trọng xe ô_tô nội_thất đẹp lái_xe tiếp_xúc,{INTERIOR#Positive};
tao xe màu trắng cực đẹp,{EXTERIOR#Positive};
đẹp hiện_đại tội chạy điện_giá có_giá,{EXTERIOR#Positive};{PERFORMANCE#Negative};
nội thất_hơi cải_lương chốt vf7,{INTERIOR#Negative};
lo trạm sạc đi thui,{BRAND#Negative};
loa thiết_kế hơi kỳ thẩm_mỹ vướng,{INTERIOR#Negative};
màn_hình vô_lăng xấu xúc_phạm,{INTERIOR#Negative};
xe_điện byd tin_cậy trạm sạc đi dọc hn vũng tàu mua mấy vf mã ok xe ghế_ngồi thiết_kế hoàn_thiện nội_thất yếu_kém vf6 xuất châu_âu ngang giá byd atto3 liệu dân châu_âu_kiện xúc_phạm xe,{BRAND#Positive};{INTERIOR#Positive};
nội_thất kiểu đồ_chơi trẻ_con,{INTERIOR#Negative};
đẹp thiệt_treo đa_điểm đi sướng lắm đi mệt giá mấy đớp liền,{EXTERIOR#Positive};{FEATURES#Positive};{PERFORMANCE#Positive};{COST#Negative};
byd đầu_tư trạm sạc thằng vin nô bớt ngáo giá,{BRAND#Neutral};
xe đẹp xe túcon santafe,{EXTERIOR#Positive};
xe trung_quốc hơi ngon đừng byd hãng xe trung_quốc top xe_điện bán_chạy thế_giới ví_dụ bejing_x7 cực_kì ngon bền tiếc phân_phối hãng rút việt_nam,{BRAND#Positive};
xe thua trụ sạc công_cộng đập chết tươi_hãng xe kia,{BRAND#Negative};
byd cạnh_tranh tesla coi vf đối_thủ ngoại_thất ưng nội_thất trông,{EXTERIOR#Positive};{INTERIOR#Negative};
ế rút linh_kiện thay ăn_hành,{BRAND#Negative};
atto3 khung gầm treo đi êm xe ngon tầm giá,{PERFORMANCE#Positive};{COST#Positive};
xe ngon chạy yên_tĩnh thư_thái hề lỗi_xạc tiện_lợi,{PERFORMANCE#Positive};
hôm_qua chạy đường ngoại_thất đẹp phết_cơ dính vụ trạm xạc,{EXTERIOR#Positive};{BRAND#Negative};
xe byd ngon trải_nghiệm byd vin trạm sạc việt_nam hãng tôn_trọng bản_đồ lưỡi bò phản_ánh xóa ht map,{BRAND#Negative};
sạc kênh sơ_sài đại_lý byd đại_lý kỳ_vọng trạm sạc công_cộng,{BRAND#Negative};
trạm sạc đi cát xong đi loanh_quanh nán cắm sạc 3 kwh,{BRAND#Negative};
trạm sạc hybrid plugin hợp_lý rảnh sạc_điện chạy vội đổ xăng chạy,{BRAND#Negative};{PERFORMANCE#Positive};{FEATURES#Positive};
review kém báo xe đi 450 km hề đi tốc_độ tốc_độ ảnh_hưởng phạm_vi di_chuyển xe_điện xe e34 công_bố đi 314 km đi 60 km h đi 100 km h đi 200 km anh_em bò 70 km h cao_tốc 5 b,{PERFORMANCE#Negative};
480 km đi tối sạc ok,{PERFORMANCE#Positive};
chuẩn nột thất_đẹp thoải_mái hòa dễ_chịu âm_tốt đi đỡ mệt gắn logo thương_hiệu xe chạy long_rung chuồng gà hòa chạy hôi ổ_chuột kiếu,{PERFORMANCE#Positive};{INTERIOR#Positive};
lái atto km tốn chi_phí vận_hành hệ_thống năng_lượng mặt_trời thải điện dư_thừa quãng đường đi lái_xe thành_phố km,{PERFORMANCE#Positive};{COST#Positive};
xe byd ok giá việt_nam kỳ_vọng atto dynamic giá ok dolphin ngáo giá,{BRAND#Positive};{COST#Neutral};
ngoại thất_nhìn trừ_mảng nhựa đen_bóng chỗ cột b chất_lượng kém nội_thất hơi_dị đẹp chất_lượng nhựa nội_thất xấu,{EXTERIOR#Negative};{INTERIOR#Negative};
xác_định đi loanh_quanh đô_thị khả_năng sạc byd cân_nhắc,{PERFORMANCE#Neutral};
độ ổn_định công_nghệ khung gầm vf học_hỏi trạm sạc đại_lý ế,{FEATURES#Positive};{PERFORMANCE#Positive};{BRAND#Negative};
atto3 đẹp lái ngon tầm giá xạc 7 kw tiện_lợi pin lên_tiếng,{EXTERIOR#Positive};{PERFORMANCE#Positive};{COST#Positive};{FEATURES#Positive};
giá hơi tiền pin tương_lai pin nửa cạnh_tranh sòng_phẳng xe xăng,{COST#Negative};
byd thao_tác điên_thoại android màn_hình byd tiện_lợi nút vật_lý,{FEATURES#Positive};
xe_điện trạm sạc xài miền nam chính_xác miền tây sài_gòn thơ km trạm sạc 7 kw 11 kw quán cà_phê tỉnh miền tây sẵn_sàng lắp_đặt khách_hàng sạc dân miền tây hào_phóng sẵn_sàng giúp_đỡ người_dưng chạy xe điện_bí tấp vô dân đường sạc tiếng ta tiền điện miền bắc tui,{BRAND#Positive};{FEATURES#Positive};{PERFORMANCE#Positive};
sướng phanh tái_sinh đổ đèo phanh chân quen phanh chân mấy mấy pin lắm,{FEATURES#Positive};
atto3 đi đầm êm_ái không_gian rộng_rãi tuyệt_vời,{PERFORMANCE#Positive};{INTERIOR#Positive};
đẹp vãi đấy,{EXTERIOR#Positive};
atto ưng độ mượt tốc_độ hoàn_thiện hệ_thống an_toàn chủ_động đầy_đủ hệ_thống treo lăn_tăn trụ sạc đi hy_vọng tương_lai hãng xe_điện vin trạm sạc phủ_dày rộng,{PERFORMANCE#Positive};{FEATURES#Positive};{BRAND#Negative};
460 km bố đi thoải_mái đi chạy_dịch_vụ ok,{PERFORMANCE#Positive};
sợ giá chim_cút mếu dở_khóc dở,{COST#Positive};
byd nội_thất kỳ_cục thị_hiếu đa_số nhã_nhặn bình_thường nhàm chán lựa_chọn an_toàn tệp hàng ngoại_thất bình_thường seal nội_thất,{INTERIOR#Negative};{EXTERIOR#Neutral};
đi 480 km sạc thỏa mái đi tối sạc pin,{PERFORMANCE#Positive};
ngẫu_nhiên bán_top byd d gắn logo v,{BRAND#Positive};
byd nhà_máy việt_nam mong xe ế chim_cút,{BRAND#Negative};
trạm sạc dám mua,{BRAND#Negative};
nội_thất quê,{INTERIOR#Negative};
ngoại thất_ok nội_thất cải_lương giá hạ_tầng trạm sạc cửa việt_nam mong hãng xe_điện việt_nam ntd lựa_chọn,{EXTERIOR#Positive};{INTERIOR#Negative};{BRAND#Negative};
đi crv đổi atto lái thử tất_nhiên chạy thuế chê_atto xe tử_tế góp_ý thớt gầm 150 mm standard mâm premium gang đo,{PERFORMANCE#Positive};{EXTERIOR#Positive};
chốt mua 1 c cao_giá lăn bánh_hn,{COST#Positive};
khoang nội_thất rộng vf6,{INTERIOR#Positive};
atto3 chạy chất xe lái đầm ổ_gà êm_ái an_toàn,{PERFORMANCE#Positive};
đường nổi khác_biệt chất xe_điện vin thiết_kế nửa_vời xe xăng cập_nhật xu_thế,{PERFORMANCE#Positive};
lái thử atto3 30 km đường_quốc_lộ ngắn_gọn trạm sạc phổ_biến vinfast đối_chiếu lái thử vf6 vf7,{BRAND#Negative};{PERFORMANCE#Positive};
chờ hãng trung_quốc lắp_ráp việt_nam or khu_vực đná có_giá mẫu nội_địa trung,{BRAND#Positive};
hóng xiaomi aito xe_điện việt_nam,{BRAND#Positive};
bỏ_qua yếu_tố tàu trạm sạc lựa_chọn,{BRAND#Negative};
mấy xe_điện trung_quốc hẳn vin kiểu_dáng tương_lai tiện_nghi đầu_tư trạm sạc tiếc,{EXTERIOR#Positive};{FEATURES#Positive};{BRAND#Negative};
âm đường nhám 68 db ổn chạy đường_phố km yên_tĩnh tiếng,{FEATURES#Positive};{PERFORMANCE#Positive};
xe bán_chạy nhứ tôm tươi ngon thế_này showroom ta bâu đông kiến_ý xe xe bán_chạy nhé_xưởng dịch_vụ trải bắc nam hihi,{BRAND#Positive};
xe mượt_mà nội_thất_vật_liệu hoàn_thiện ghế thoải_mái xe xăng chỗ sạc mua,{PERFORMANCE#Positive};{INTERIOR#Positive};
ổn trừ thiết_kế nội_thất,{INTERIOR#Negative};
cửa gió hòa hợp_mắt lắm,{INTERIOR#Negative};
byd chả_chê chê chạy chỗ sạc vin sân_nhà đau_đầu trụ sạc byd giá,{BRAND#Negative};{COST#Positive};
chạy đường byd đẹp,{EXTERIOR#Positive};
byd chính_sách lắp_đặt tặng sạc đổi outlander seal đắn_đo,{BRAND#Positive};
mua byd trung_quốc sửa_chữa nội,{BRAND#Negative};{COST#Negative};
đồng_ý byd công_ty vf phần_mềm ổn_định vf clip vf6 vf6 xe_điện hạ_tầng sạc xe xăg,{BRAND#Negative};{FEATURES#Positive};
trạm sạc atto3,{BRAND#Negative};
lái thử xe_con atto3 công_nhận hàng tàu nội_địa bọt hẳn byd tesla thống_trị thị_trường trung_quốc hàng trăm thương_hiệu xe_điện vin độc_tôn việt_nam,{PERFORMANCE#Positive};{BRAND#Positive};
vin tuyệt_đối mặt,{BRAND#Negative};
hàng ghế xe vf6 atto3_ô,{EXTERIOR#Positive};
cố dìm byd atto đi xe vf6 byd atto byd chủ_công độ hoàn_thiện cực vf6 sơ_xài xấu mẹ ghét tàu công_nhận xe,{PERFORMANCE#Positive};{BRAND#Positive};
sống quê sạc đi bán_kính hn 80 km đi la_cà giỏi lắm 200 km chờ atto_giản giá pree múc,{COST#Positive};
atto ngon đi đầm êm_ái an_toàn không_gian ghế_ngồi thoải_mái đi xe xăng,{PERFORMANCE#Positive};{INTERIOR#Positive};
ngoại_thất vf6 nhẹ_nhàng thanh_lịch thời_trang byd cổ chết mẹ byd vf6 chút_xíu chẳng_qua giá vf6 triệu mắc cố,{EXTERIOR#Negative};{COST#Negative};
byd khung liền pin va_chạm sửa tốn_kém thời_kì đầu thái seal tỷ pin sửa tầm tr google trung_con tr hỏng pin đòi sửa tr,{PERFORMANCE#Negative};{COST#Negative};
báo_cáo eu xe byd trung_quốc mẫu dolphin atto đầu trải_nghiệm châu_âu mẫu xe byd chất_lượng xe byd tệ độ an_toàn hệ_thống lãi byd dolphin atto tệ phần_mềm xe_điện hệ_thống lái byd đọc biển cảnh_báo giao_thông byd phát_hiện giới_hạn tốc_độ tiêu_chuẩn euro ncap tính_năng theo_dõi làn_đường byd hoạt_động tốc_độ km hoạt_động đường_cao_tốc tính_năng giám_sát nhận_diện vật cản đi đường xe byd zero thân xe rỉ sét động_cơ điện byd tiêu_chuẩn an_toàn lỗi sản_xuất điều_khiển cụm cột lái trợ_lực điện_ceps nắp công_cụ thiết_bị đóng can_thiệp tụ_điện bảng_mạch điều_khiển vết nứt vết nứt tiến_triển tình_huống nguy_hiểm đoản_mạch nhiệt cháy nổ sự_cố câu độ tin_cậy an_toàn byd dolphin atto kết_quả chính_phủ liên_bang châu_âu hạ chỉ_số sản_toàn byd cảnh_báo tiêu_dùng chịu_trách trách_niệm mua xe_điện trung_quốc xe byd lo_lắng khả_năng công_nghệ trang_bị xe_hơi byd ô_tô trung_quốc thu_thập thông_tin an_ninh quốc_phòng quốc_gia sở_tại mỹ australia cảnh_báo xe_điện trung_quốc bao_gồm byd tồn_kho hàng chục nghìn xe châu_âu chất_lượng kém độ an_toàn tiêu_chuẩn,{BRAND#Negative};{EXTERIOR#Negative};{INTERIOR#Negative};{PERFORMANCE#Negative};{FEATURES#Negative};{COST#Negative};
atto ổn_định hàng ghế thoải_mái hàng ghế vf thử chấp_nhận nổi atto ngáo giá thái_lan ế_lòi đi khắp,{INTERIOR#Positive};{COST#Negative};
công_tâm hàng byd hẳn android auto dây atto vf7 vf7 350 hp cắt vf7_thua toàn_tập,{INTERIOR#Positive};
tần_suất đi 400 km trạm xạc ví_dụ đi xuyên việt atto đa_phần chạy 300 km trở xe chiều xe,{PERFORMANCE#Positive};
atto xe tỉ nhật tiền quất atto chạy dv quất vf6,{EXTERIOR#Positive};
xe đẹp,{EXTERIOR#Positive};
đẹp nha,{EXTERIOR#Positive};
xe byd chạy,{BRAND#Positive};
xe_điện đi tiếp_kiệm tắt điều_hòa đi eco đi,{PERFORMANCE#Negative};{FEATURES#Negative};
tàu công_nhận xe_điện ngon_vờ cờ_lờ chạy thử phê_lòi cách_âm xe,{BRAND#Positive};{PERFORMANCE#Positive};
tuần xe đuôi liếc tưởng bọt_chơ á_màu trắng đẹp trải_nghiệm chạy đáng_giá,{EXTERIOR#Positive};
màu mè ảnh hoàn_thiện chất_liệu nội_thất ghế rộng thoải_mái xe xăng lái thử vận_hành,{EXTERIOR#Positive};{INTERIOR#Positive};
chê xe byd tui mua xe đi hằng cảm_nhận xe đi chân gas hỗn xe vin tui cảm_giác đạp chân gas xe lướt đi xe xăng co chồm xe mua đi chạy đi đi_chơi tối cắm sạc pin đi tiếp xe bào lỗi nằm đường tháo cọc_bình xe vin xe byd đi cafe hằng ngon tầm tiền,{PERFORMANCE#Positive};
tầm tiền quanh 700 tr mua xe_điện vf6 lấn_cấn hàng ghế thứ_độ ngã đứng độ độ mặt ghế khuỷu chân kèm_thế xổm khó_chịu mua tội vợ_con ghê byd dolphin độ mặt ghế hàng khuỷu_atto rộng rải_sàn xổm vf vf cải_tiến thiết_kế nội_thất cảm_giác thoải_mái mẫu xe đi gia_đình tầm_giá,{INTERIOR#Positive};
atto3 đẹp lái ngon tầm giá xạc 7 kw tiện_lợi pin lên_tiếng,{EXTERIOR#Positive};{PERFORMANCE#Positive};{FEATURES#Positive};{COST#Positive};
atto3 ngon_lành lái khỏe gấp cx5 cx5 xe_điện thử trải_nghiệm bản_chất xe atto3 ngon cx5 đương_nhiên thương_hiệu cam_kết thị_trường sạc xe kém rõ_rệt cân_nhắc tàu cam_kết mg có_lẽ bất_chấp mua xe,{PERFORMANCE#Positive};{BRAND#Negative};
ngoại_hình xe kiểu gu xấu đẹp nội_thất byd video đề_cập chi_tiết hệ_thống mát_pin ống gas nhận_định hiện_đại_đồng_nghĩa sử_lý bão_dưỡng yếu byd rõ_ràng trạm sạc quãng đường di_chuyển ngắn đèo dốc video vf6 hệ_thống phanh tái_sinh đi quãng đèo dốc can_thiệp chân phanh chi_tiết vf6 hàng ghế_hơi đứng hệ_thống treo kiểu lắc ngang bồng_bềnh đường nhám tiếng lốp dội rẽ ngang trời tối đèn đèn_chiếu hộ_trợ rẽ ngang cua vòng_xuyến rõ_ràng quãng đường đi máy đầm khỏe sạc trụ tầm tiếng full_bình hy_vọng lựa_chọn hy_vọng tương_lai hãng trung_quốc hãng danh_tiếng mở_rộng trạm trụ sạc tiêu_dùng hưởng lợi chúc anh_chị_em gia_đình xe ưng_ý,{INTERIOR#Positive};{FEATURES#Positive};{BRAND#Negative};{PERFORMANCE#Positive};
nội_thất như_vầy giá tiền limo green nội_thất đồ chợ tân thành,{INTERIOR#Positive};
đồng_tiền bát gạo trạm sạc bá_đạo,{COST#Positive};{BRAND#Positive};
đội thiết_kế byd mấy đường mảnh mảnh màu xe cản hông atto tinh_tế,{EXTERIOR#Positive};
atto2 đẹp thời_trang,{EXTERIOR#Positive};
ngon chập điện_phát tài_xế thành_cầy thui v,{PERFORMANCE#Negative};
xe byd đỉnh_cao công_nghề an_toàn chạy châu_âu,{FEATURES#Positive};{PERFORMANCE#Positive};
mới thì hay nhưng vài năm tới thì không ai biết,{BRAND#Negative};
hệ_thống trạm sạc ngon,{BRAND#Negative};
tiền điện 220 v sài,{COST#Positive};
trung_quốc bug cố kéo cửa_sổ kẽ hở ra_lệnh v,{FEATURES#Negative};
màu dân_chơi hệ phong_thủy lựa_chọn,{EXTERIOR#Positive};
cửa gió tiếc,{FEATURES#Negative};
xe đẹp khả_năng mặt ca_lăng biến thành lưới bắt cá đi đường việt_nam,{EXTERIOR#Positive};
xe đẹp giá hơi đắt biển sài_gòn giá tầm ngon,{COST#Negative};
sướng vin xe chở lợn,{INTERIOR#Positive};
công_nhận đẹp bắt_mắt xe vin,{EXTERIOR#Positive};
ý_nghĩa byd xây trạm sạc_phủ rộng chỗ sạc mà_còn minh_chứng đồng_hành dài_lâu việt_nam,{BRAND#Negative};
vinfast toàn_diện thua hệ_thống trạm sạc,{BRAND#Negative};
anh_em khen thoải_mái đi phát cốt_lõi chạm sạc vinfast đi đón_đầu miễn_phí sạc chạy dịch_vụ limo chẳng ngu tự_nhiên triệu tiền sạc,{BRAND#Negative};
át chủ trạm sạc xe vin fast cạnh_tranh kiểu xe_điện gia_đình byd huyện vùng_sâu_xa hiện tầm byd,{BRAND#Negative};
xe 700 tr cửa gió hàng xe trung_quốc thiết_kế thị_trường trung_quốc thị_trường việt_nam,{FEATURES#Negative};{BRAND#Negative};
nội thất_tử_tế hãng v,{INTERIOR#Positive};
trạm sạc hệ_sinh_thái đẹp,{BRAND#Negative};
co_tram sac chết yểu,{BRAND#Negative};
xe byd điện tạm_thời tập khách_hàng giàu_có garage xe_hơi mấy giàu đi xe_điện trạm sạc mua byd thành quen_thuộc,{COST#Negative};{BRAND#Neutral};
ghế ngắn ảnh hàng xổm kìa_đùi lòi khúc dễ_chịu chút,{INTERIOR#Negative};
đẹp ngon vf6 eco sạc,{EXTERIOR#Positive};{BRAND#Negative};
chuẩn lôi xe v sợ cắn atto ô_tô nghĩa màn_hình màn_hình vô lăng_ghế da thể_thao đục lỗ xịn mịn màn_hình giải_trí xoay v v,{INTERIOR#Positive};
chủ kênh hơi kinh_nghiệm xe_điện nhận_xét nội_thất gầm atto atto 160 mm đi đường việt_nam ớn xác xe 1 t8 độ sụp ổ_gà cạ gầm vỡ pin đánh_đổi chiều khoang xe hạ gầm mẫu vf7 gầm 190 mm tạm ổn chạy sợ cạ gầm pin blade ép khung xe xương cứng an_toàn việt_nam hệ_thống khung gầm treo xe byd yếu clip soi_gầm đỡ mỏng_dính tương_tự xe xăng chạy đường xấu mấp_mô đi cảm_giác sợ lỏng_lẻo đường đô_thị đẹp ổn treo tinh_chỉnh byd thiết_kế xe đô_thị kiểu giá rẻ đi chậm đường đẹp trung_quốc việt_nam an_toàn chê xe vin hàng ghế khó_chịu soi khung gầm xe vinfast xe châu_âu xương cứng đòn treo đa_điểm dày_dặn tùy nhà_sản_xuất tiếp_cận đánh_đổi hạ gầm khung gầm mỏng_manh đi xe rộng đổi an_toàn,{EXTERIOR#Negative};{PERFORMANCE#Negative};
công_nhận byd atto nội_thất_đẹp nha_tính hoàn_thiện vinfast byd đầu_tư trạm sạc việt_nam doanh_số xe lắm,{INTERIOR#Positive};
nhược_điểm chí_mạng gầm 150 mm xe_điện gầm thấp_vầy đi đau tim treo thanh_xoắn yếu chạy nguy_hiểm lái thử gờ lệch lái pin yếu hòa nóng chạy thử hà_nội trạm sạc nội thất_màu định thay_bộ vàng khè đi chợ nội_đô hàng trung_quốc giá loanh_quanh 500 tr,{EXTERIOR#Negative};{PERFORMANCE#Negative};{FEATURES#Negative};{INTERIOR#Negative};
atto atto gầm xe_điện gầm việt_nam xác_định cạ gầm hỏng pin khung gầm_yếu mỏng_manh pin_kém trạm sạc chạy chậm ổn đường trường cao_tốc chạy nguy_hiểm ôm cua ôm đèo đường xấu_nội thất_màu bẩn gớm lắm bắt_mắt đầu,{EXTERIOR#Negative};{PERFORMANCE#Negative};{BRAND#Negative};{INTERIOR#Negative};
byd tối_ưu không_gian xe nội_thất_chỉn chu_thực_sự thích_hợp gia_đình,{INTERIOR#Positive};
xe_điện brand quốc_tế bọt,{BRAND#Positive};
nắm cửa dolphin phiên_bản cải_tiến dolphin,{EXTERIOR#Positive};
nội_thất thiết_kế đẹp hợp_lý atto,{INTERIOR#Positive};
màn_hình trung_tâm to chá_bá tắt lái_xe thông_số cơ_bản màn_hình vô_lăng,{FEATURES#Negative};
nội_thất atto,{INTERIOR#Positive};
thằng mua xe mấy nút bấm màn_hình khung gầm treo treo byd mấy que sắt,{EXTERIOR#Negative};
giá byd việt_nam gấp đôi trung_quốc gấp đna,{COST#Negative};
cứt trạm tao đi chạy_dịch_vụ 400 km tối cắm trụ 7 kw đêm 5 h hôm căng đét trụ cut hại pin,{PERFORMANCE#Positive};
khung gầm_yếu treo dằn_xoắn phuộc_yếu gầm tải 15 cm_web chính_thức byd việt_nam tải 13 cm xe_điện cực_kỳ nguy_hiểm sập ổ_gà gầm phát cục pin nội thất_màu màu cháo_lòng giá tầm 500 tr đi phố ok đi đường xấu nguy_hiểm trạm sạc,{EXTERIOR#Negative};{PERFORMANCE#Negative};{INTERIOR#Negative};{BRAND#Negative};
khung gầm_thân xe mỏng_manh gầm trạm sạc pin hơi hẻo_lốp runflat dính đinh chết vành lốp dày xẹp lốp cao_tốc lái văng xe đi đừng xúi bậy em_gái vf7 gầm 190 mm pin 500 km trạm sạc khắp_nơi lốp_runflat đi lo_lắng đấy review xe chạy vạn km lái loanh_quanh chục km gọi_là review options d,{EXTERIOR#Negative};{PERFORMANCE#Negative};{BRAND#Negative};
nắm cửa mới_mẻ đau bụng,{EXTERIOR#Negative};
đầu_tư chất_lượng linh_kiện đầy_đủ tầm_giá đối_thủ cạnh_tranh yếu_tố niềm xe bán_chạy,{COST#Positive};{BRAND#Positive};
đầu xe chi_tiết rối_bề ngang,{EXTERIOR#Positive};
porches tiết_kiệm đẹp_dáng khỏe nội_thất chuẩn_chỉnh corolla cross hev kia sorento hybrid fev honda crv hybrid hạ giá chức_năng adas xe lắm sạc phương_thức byd hiện trạm bảo_hành việt_nam khách_hàng,{EXTERIOR#Positive};{INTERIOR#Positive};{FEATURES#Neutral};
khung gầm chê,{PERFORMANCE#Negative};
đi cắm sạc nghĩa_là cục pin động_cơ đốt nuôi động_cơ đấy bảo_hành vỡ alo,{PERFORMANCE#Negative};{BRAND#Negative};
treo ố giề,{PERFORMANCE#Negative};
nhin nội_thất hoàn_thiện đường kim_mũi đẹp tầm tiền xe nhật xe hàn_thua,{INTERIOR#Positive};
lạ lạ_nội thất_nuột viêc sạc tối_ưu tiết_kiệm sức_mạnh sạc máy xăng chạy_sạc yếu đi cao_tốc đồi dốc chán chẳng tiết_kiệm xăng nhiêu phuộc tệ mềm lắc ngang tệ đại_lý úc thay khách_hàng việt_nam xe to_xác hàng cốp tương_xứng kích_thước,{INTERIOR#Positive};{PERFORMANCE#Negative};{FEATURES#Negative};
ngoại thất ok nội_thật byd hợp lắm han nội_thất hợp mắt lắm công_nghệ kiểm_nghiệm,{EXTERIOR#Positive};{INTERIOR#Negative};{FEATURES#Positive};
treo yếu treo yếu mỏng cân xe,{PERFORMANCE#Negative};
tiêu_chí đậu đổ xăng mua xe thuần_điện đi_xướng chi_phi vận_hành bảo_dưỡng rẻ_quang đường sạc gấp,{COST#Negative};
kiểu byd thiết_kế đầu xe kiểu tí kiểu vinfast mẫu nhàm chán,{EXTERIOR#Positive};
sales để_ý động_cơ xăng sea_lion tỷ_số nén đổ xăng chạy sure hỏng máy xe chịu_khó xăng pha mua chạy gia_đình tư_tưởng đổ xăng chạy né hỏng bảo,{PERFORMANCE#Negative};
tiền thay byd s6 phối_mầu nội_thất thích_mầu cam_phối mầu đen,{INTERIOR#Negative};
đầu bớt mấy râu con_sư tử_biển đi đuôi_mập chút đẹp,{EXTERIOR#Negative};
xe đi phố đi vũng tàu bến tre xăng bình sạc điện đổ km đ km dự_tính chạy km ấn_tượng sl6,{PERFORMANCE#Positive};
đổ xăng vừa_phải sạc phiền,{PERFORMANCE#Negative};
ban_đầu rộng_rãi êm_ái chốt lc01 ngoại thất_nuột nội_thất bớt sến,{INTERIOR#Negative};
khung gầm_lởm trung sealion7,{PERFORMANCE#Negative};
khung gầm_yếu phân_chia công_suất hỏng thay 200 tr,{PERFORMANCE#Negative};
mấy kỹ_sư thiết_kế por hả,{EXTERIOR#Positive};
đẹp_mắt,{EXTERIOR#Positive};
cổ tròng thay pin sửa_chữa động_cơ xăng hơi,{COST#Negative};
xe màu đen cứng_cáp ngầu mặc đồ đen thích_hợp dân_việt việt_nam điện chạm_sạc phối_hợp xăng,{EXTERIOR#Positive};{BRAND#Negative};
giá rẻ vf7 plus chục full cảm_biến kính kính tối ghế chỉnh_điện đầy_đủ độ an_toàn động_cơ xăng khả_năng tồn_tại byd việt_nam chứng_minh pin cell_blade byd đi thế_giới công_nghệ pin tàu thế_giới bàn_cãi,{FEATURES#Positive};
mẫu đẹp thực_dụng điện xăng bầu_trời công_nghệ vô_đối,{EXTERIOR#Positive};{FEATURES#Positive};
cảm_giác thiết_kế mảng khối hài_hòa lắm đầu_vuốt mềm_mại thân đuôi dập gân thẳng xe lai_tạp thiết_kế xe nội_thất cầu_kỳ ăn_nhập lắm trông sang_trọng,{EXTERIOR#Negative};{INTERIOR#Negative};
gầm xe hàng tàu sợ sợ,{PERFORMANCE#Negative};
hệ_thống treo lắm,{PERFORMANCE#Negative};
khung gầm nản_thiệt thua,{PERFORMANCE#Negative};
byd_bôi bẩn_bẩn xe bôi,{EXTERIOR#Negative};
xe đẹp đi tiết kiêm to giá hơi cao_niếu phân_khúc hang b creta hrv khả_năng bán_chạy hợp túi_tiền tầm dân_nghèo quê,{COST#Negative};
xe gầm xấu gầm đẹp,{EXTERIOR#Negative};
ốc gỉ bôi nhớt bôi sơn tởm vợ_chồng,{EXTERIOR#Negative};
dàn treo thảm_họa khung gầm xe đồ_chơi gọi vf cụ tổ,{PERFORMANCE#Negative};
mỏng_manh dê_rụng hàng chúng_nó khen_dày dặn_nhỉ công_nghệ vật_liệu,{EXTERIOR#Positive};
mã khung gầm_thua xe tucson,{PERFORMANCE#Negative};{EXTERIOR#Positive};
khung gầm mỏng_manh xe hàng_mã dàn treo thua vf5,{PERFORMANCE#Negative};
xe rối hốc vệ_sinh bảo_dưỡng khung_yếu chất_lượng thép sơn kém,{PERFORMANCE#Negative};{BRAND#Negative};
gầm đáng_giá xe tỷ an_toàn,{PERFORMANCE#Negative};
khung gầm yếu khối_lượng xe rưỡi chạy nguy_hiểm chê xe trung_quốc đầu_tư nội_thất cơ_bản an_toàn khung gầm,{PERFORMANCE#Negative};{INTERIOR#Positive};
treo gầm chán,{PERFORMANCE#Negative};
trải_nghiệm thử trăm cây_số ưu_điểm tiết_kiệm xăng nhược_điểm khung gầm_yếu lỏng_lẻo ù_tai đi cao_tốc nha giá tỏi crv,{PERFORMANCE#Negative};
chán_vãi thua mấy xe,{COST#Negative};
khung gầm trông kinh_vãi nửa_nạc nửa_mỡ vừa_phải bảo_trì bảo_dưỡng xe xăng vừa_phải thay pin xe_điện what_the fuck méo thuế méo xe_điện,{PERFORMANCE#Negative};{BRAND#Negative};
khung gầm sắt thép mỏng thương_hiệu quốc_gia thương_hiệu ngoại_quốc làm_việc kiếm tiền ảnh_hưởng quốc_gia,{PERFORMANCE#Negative};{BRAND#Negative};
hệ_thống treo yếu xe thuần_điện truyền_thống trung_quốc xưa ban_đầu mã đẹp rơi rụng phev cực_kỳ phế_vật nhà_đất sạc_pin chạy hao năng_lượng xăng,{PERFORMANCE#Negative};{BRAND#Negative};
giá 200 tr hot,{COST#Negative};
khung gầm cảm_giác lái jecoo j7 sealion,{PERFORMANCE#Negative};
xe tàu chất tôn_thép kém xuống_cấp gãy hàn_rỉ xuống_cấp hình_thức thiết_kế trang_bị ngon_số giá tiền,{EXTERIOR#Positive};{FEATURES#Positive};{PERFORMANCE#Negative};{COST#Positive};{BRAND#Negative};
xe mấy liên_kết treo trông bé teo,{PERFORMANCE#Negative};
byd sealion giá phiên_bản dynamic_base 799 tr tương_đương vf7 eco base vf ưu_thế hạ_tầng trạm sạc miễn_phí sạc ưu_đãi chính_sách nhà_nước miễn_phí trước_bạ xe_điện sealion bảo lo trạm sạc hybrid tiện_dụng tối_đa lợi_ích phev mua xe vf7 eco hấp_dẫn giá chính_sách ưu_đãi vin miễn_phí sạc bảo_dưỡng sealion động_cơ xăng điện bảo_dưỡng tốn xe,{COST#Negative};
seal chất_lượng ổn úc review xe treo cực_kỳ bồng_bền giá thái ok việt_nam cắt tùm_lum giá ổn cộng thái_độ hàng byd việt_nam mẫu thất_bại,{PERFORMANCE#Negative};{COST#Negative};{FEATURES#Negative};
hôm_nay chê_điểm đèn_gầm hệ_thống treo bảo_dưỡng tốn_kém tầm giá công_nghệ đầy_ắp đấy chờ khuyến_mãi chút múc liền,{FEATURES#Negative};{COST#Negative};
soi kĩ lầm_tưởng xe châu_âu việt sag mẫu_quốc byd hãg đường định mua xe tầm tiền đại_lý byd tiền,{BRAND#Positive};
công_nhận hãng xe trung_quốc làm_đẹp chê ngoại_hình,{BRAND#Positive};{EXTERIOR#Positive};
tuyệt_vời quan_ngại chi_phí thay pin bảo_hành,{COST#Negative};
trải_nghiệm xe byd thái_cảm_nhận ban_đầu chất vượt_trội xe phổ_thông phân_khúc việt_nam,{COST#Positive};
treo đồ_chơi trẻ_con mấy thanh_thép ngón út_sợ,{PERFORMANCE#Negative};
hãng xe tàu chê byd toàn_cầu chất_lượng bàn nội_ngoại thất tinh_tươm xe hạng lựa_chọn cạnh_tranh hưởng lợi đổi xe đời xe hybrid byd danh_sách mua trải_nghiệm,{BRAND#Positive};{INTERIOR#Positive};
ngoại_hình đẹp,{EXTERIOR#Positive};
cốp gậy golf,{INTERIOR#Negative};
clip chi_tiết chủa tip_car ý_kiến chất_lượng nội_ngoại trông ọp_ẹp cao_cấp_độ hoàn_thiện hiệu_năng công_suất băn_khoăn độ bền trung_quốc thừa_nhận băn_khoăn cốt_lõi,{EXTERIOR#Positive};{INTERIOR#Positive};{PERFORMANCE#Positive};
ngoại nội_thất hạ gục mua xe honda brv_l hài_lòng suy_nghĩ lời_kết tipcar chuẩn_xác tipcar kênh uy_tín yêu,{EXTERIOR#Positive};{INTERIOR#Positive};
xe ngon độ bền chứng_minh,{BRAND#Neutral};
khoang nội_thất hoàn_thiện khung gầm ối dồi ôi,{INTERIOR#Positive};{PERFORMANCE#Negative};
sở_hữu xe tuần mua awd động_cơ xăng turbo bây_h chê tăng_tốc công_nghệ dồi_dào chất_lượng hoàn_thiện top phân_khúc đem mấy bmw x1 x3 vw_tiquan logo xuất_sứ định_kiến đồ trung_quốc xe lựa_chọn hợp_lý trang_bị hoàn_thiện xe đức tầm 75 k mua xe 45 k hời_điểm byd bảo_hành toàn xe pin hãng xe_đức dám bảo_hành,{PERFORMANCE#Positive};{FEATURES#Positive};{BRAND#Positive};{COST#Positive};
điều_chỉnh hòa màn_hình bất_tiện mg hs,{INTERIOR#Negative};
xe đẹp tội thương_hiệu hơi ái_ngại cân_nhắc inova hybrid hihi,{EXTERIOR#Positive};{BRAND#Negative};
sealion link_co hao_hao porsche_nhỉ công_nhịn mướt mắt,{EXTERIOR#Positive};
gầm hơi trục cơ_sở cạ_gầm yếu duy_nhất xứng danh_mẫu xe chủ_lực byd,{PERFORMANCE#Negative};
giá_cạnh_tranh jaeco j7_nhỉ xe kiều_dáng trẻ đợi admin trải_nghiệm,{EXTERIOR#Positive};{COST#Neutral};
xe đẹp hoàn_thiện cao_cấp tính_năng mong_đợi giá kiểu tiền thương_hiệu hãng xe thị_trường mua xe nhu_cầu ảnh_hưởng tiếng thiên_hạ lựa_chọn tầm tiền,{EXTERIOR#Positive};{FEATURES#Positive};{COST#Positive};
xe đẹp xe trung_quốc châu_âu chạy,{EXTERIOR#Positive};{BRAND#Positive};
vỏ hơi mỏng xe_hơi ồn_ngang cross thua santafe tay_lái cực nhẹ êm_cua hơi bồng_bềnh phanh cực hiện_đại_tiện nghi_dáng đẹp kinh_tế,{EXTERIOR#Negative};{PERFORMANCE#Positive};{FEATURES#Positive};
xe đỉnh trang_bị đỉnh pin hoạt_động đỉnh,{FEATURES#Positive};{PERFORMANCE#Positive};
kiểu_dáng xe đẹp,{EXTERIOR#Positive};
khủng_khiếp 700 km 800 km full nhiên_liệu thế_này chính_sách hàng khách_hàng đối_thủ gờm hãng xe,{PERFORMANCE#Positive};{COST#Positive};{BRAND#Positive};
tiêu_hao nhiên_liệu 2 l 100 km kinh_ngạc,{COST#Positive};
ngon thương_hiệu chăm_sóc khách_hàng hàng ok,{BRAND#Positive};
đỉnh_cao công_nghệ dẫn_đầu thế_giới,{FEATURES#Positive};
lái thử thử mẫu xe trung_quốc build cực_kì cứng_cáp công_nghệ ngập_tràn cảm_xúc vô_lăng mẫu xe trung_quốc lái vô_lăng nhẹ cảm_giác mặt_đường đi an_tâm lắm,{EXTERIOR#Positive};{FEATURES#Positive};{PERFORMANCE#Positive};
mê porscher,{EXTERIOR#Positive};
800 km giá gấp vf3 rõ_ràng xứng_đáng,{COST#Positive};
xe mua phục_vụ mua xe_điện mệt_phần sạc sạc lo_lắng trụ trống trụ công_suất chỗ sạc chỗ nghỉ_ngơi đôi_lúc dính mưa trời nắng_nóng,{FEATURES#Negative};
sợ bảo_dưỡng hệ_thống,{COST#Negative};
suy_nghĩ đấy 8 k km đi xăng xe biến_chất máy hỏng hóc thường_xuyên bảo_dưỡng rút xăng trải_nghiệm kém đi km đi thuyết_phục,{PERFORMANCE#Negative};{COST#Negative};
xe đầy_đủ thứ_cộng ưu_điểm xe xăng xe_điện treo mềm cx5 vua phân_khúc mấy so_sánh cx5 chuẩn đấy đa_số đi phố mua loại_bỏ lấn_cấn nho_nhỏ treo cảm_giác lái đi xe cảm_nhận xe tối_ưu_cảm_xúc đầy_đủ ưu_điểm xe_điện êm_nhạy tăng_tốc pin_dư chạy thuần_điện dạng bổ_trợ mấy hybrid đi cắm trại nghỉ đường pin nổ máy xe xăng xe_điện update kiểu khởi_động xa_bật hòa mấy hôm trời nóng gọi_là mỹ_mãn đầy_đủ an_tâm xe xăng lo quãng đường đi bình xăng_pin tối_ưu_loại quãng đường khủng_không đi tính_toán pin chỗ sạc chờ_đợi xe_điện pin phụ_thuộc cắm sạc ưu_điểm xe bình_thường ngoại_hình đẹp hàng rộng trang_bị full màn_hình rộng educate thương_hiệu năng_lực quốc_tế chứng_minh cú đấm ưu_đãi kích_thích doanh_số phev đi kiểu hev chi_phí ok,{PERFORMANCE#Positive};{EXTERIOR#Positive};{INTERIOR#Positive};{FEATURES#Positive};{COST#Positive};
xe đẹp kiểu_dáng chất_lượng,{EXTERIOR#Positive};
ngon nhỉ_dáng hao_hao pos ok,{EXTERIOR#Positive};
sư_tử biển tuyệt_vời mặt,{EXTERIOR#Positive};{INTERIOR#Positive};{PERFORMANCE#Positive};{FEATURES#Positive};{COST#Positive};
80 kmh tiếng ồn_lốp gió ồn_kha đấy chút hơi ù đo máy,{PERFORMANCE#Negative};
bản_full đẹp_cơ tỏi căng,{COST#Negative};
màu ghế phèn full đen đẹp,{INTERIOR#Negative};
xe 200 km thuần_điện đẹp,{PERFORMANCE#Neutral};
byd sealion phiên_bản úc phiên_bản việt mua hệ_thống treo bồng_bềnh byd đi cao_tốc phiên_bản adas phiên_bản việt_nam phiên_bản úc khách_hàng feedback bồng_bềnh phiên_bản byd,{PERFORMANCE#Negative};
xe chế_độ hậu_mãi hãng trung_quốc việt_nam tạch ôm xe khóc,{BRAND#Negative};
giá 799 trieu chờ ế hạ triệu,{COST#Negative};
cùi trạm sạc,{BRAND#Negative};
ngon quảng_cáo,{BRAND#Negative};
hôm_nay showroom thử byd sealion khác_biệt phân_khúc lăn bánh_tầm giá tỉ cảm_giác lái sealion sướng hàng ghế rộng độ nghiêng ghế người_nhà thoải_mái xe xe gia_đình hybrid,{INTERIOR#Positive};{PERFORMANCE#Positive};
tiền mua liền xuất_sắc chạy xăng đỗ xăng chạy_điện sạc điện hãng byd nhất_nhì thế_giới mấy thằng tây dìm hàng việt_nam ưa trung_quốc kia hy_vọng trải_nghiệm bảo_trì bảo_dưỡng mắc chính_sánh nhà_nước cấm xe xăng xe hydrit thua_chơi cấm giá tiền lăn bánh vinfast phá_sản xe trạm sạc thích_hợp việt_nam dien xăng kết_hợp thành hydrit tiết_kiệm mơ_ước mấy dòng hydrit la_xăng la_điện dừng đèn_đỏ đường kẹt xe nội_đô tuyệt_vời bảo_trì sửa_chữa mac,{BRAND#Positive};{PERFORMANCE#Positive};{COST#Positive};
nội_thất công_nghệ mức_độ hoàn_thiện vinfast gọi byd cụ,{INTERIOR#Positive};{FEATURES#Positive};{PERFORMANCE#Positive};
đẹp xe_điện,{EXTERIOR#Positive};
